id,title,authors,conference,year,level,category,official_page,pdf_link,abstract,matched_keywords,classification_reason,card_path,notes
CVPR2026-0111,On the Role of Temporal Granularity in the Robustness of Spiking Neural Networks,Mengting Xu; Shi Gu; Peng Lin; De Ma; Huajin Tang; Qian Zheng; Gang Pan,CVPR,2026,C,SNN,https://openaccess.thecvf.com/content/CVPR2026/html/Xu_On_the_Role_of_Temporal_Granularity_in_the_Robustness_of_CVPR_2026_paper.html,https://openaccess.thecvf.com/content/CVPR2026/papers/Xu_On_the_Role_of_Temporal_Granularity_in_the_Robustness_of_CVPR_2026_paper.pdf,"As the third generation of neural networks, Spiking Neural Networks (SNNs) have demonstrated remarkable potential across diverse applications owing to their unique temporal dynamics. In recent years, analyzing the robustness of SNNs from a temporal perspective has become an emerging research focus. However, most existing works examine only the overall temporal behavior of SNNs, typically applying adversarial attacks that rely on time-averaged gradients. In this study, we revisit SNN robustness through the lens of temporal granularity, emphasizing the distinct behaviors that occur at individual time steps. We first introduce a Temporal Granularity Attack (TG-Attack), which selectively perturbs gradients at specific time steps. This approach enables a finer-grained evaluation of SNN robustness across time and demonstrates higher attack success rates than traditional gradient-averaging methods. Furthermore, we theoretically show that the robustness of SNNs at a given time step is determined by the Hessian of the input-output gradient at that step, which we define as Temporal Sensitivity (TS). By calculating the Temporal Sensitivity Value (TSV) for each time step, robustness can be effectively estimated without generating adversarial examples. Finally, we propose a Temporal Granularity Regularization (TG-Reg) term that constrains the TSV across all time steps, thereby improving the model's overall robustness. Experimental evaluations confirm that our framework consistently outperforms existing state-of-the-art methods.",spiking neural networks; snns,Official abstract/page strictly confirms SNN/spiking neural computation; no clear event-camera/DVS evidence found.,01-papers-by-conference/CVPR2026/C/2026-CVPR-C-on-the-role-of-temporal-granularity-in-the-robustness-of-spiking-neural-networks.md,strict two-stage rescan; official abstract/page inspected; needs human verification
CVPR2026-0226,Moving Border Ownership for Event-based Motion Segmentation,Zhiyuan Hua; Cornelia Fermüller; Yiannis Aloimonos,CVPR,2026,B,Event Camera,https://openaccess.thecvf.com/content/CVPR2026/html/Hua_Moving_Border_Ownership_for_Event-based_Motion_Segmentation_CVPR_2026_paper.html,https://openaccess.thecvf.com/content/CVPR2026/papers/Hua_Moving_Border_Ownership_for_Event-based_Motion_Segmentation_CVPR_2026_paper.pdf,"Event cameras provide accurate information at motion boundaries--exactly where disentangling ego-motion, object motion, and border ownership determines segmentation quality. We argue that the missing ingredient in dynamic scene interpretation is moving border ownership: detecting motion boundaries and assigning which side is foreground so occlusions are resolved by design. Traditional geometric motion segmentation pipelines (e.g., flow clustering, simple motion models) remain assumption-heavy and slow, while deep models often fail to generalize across sensors or datasets. We introduce a lightweight, ownership-aware predictor trained solely on synthetic events with perfect supervision for boundaries, ownership, and motion, generated via a Blender pipeline. Its key targets--a signed-distance ownership field and a motion mask--focus learning where events occur and yield stable gradients. The model runs in real time and generalizes without tuning: trained on synthetic events, it achieves zero-shot transfer on EED, EVIMO1, EVIMO2, and EMSMC, delivering state-of-the-art performance. By casting motion segmentation as ownership-aware edge understanding, we combine the robustness of model-based reasoning with the scalability of learning.",event cameras; event camera visual-event context; event cameras visual-event context; event-based motion visual-event context; event-based with event-camera context,Official abstract/page strictly confirms event-camera/DVS/visual-event-sensor evidence; no clear SNN evidence found.,01-papers-by-conference/CVPR2026/B/2026-CVPR-B-moving-border-ownership-for-event-based-motion-segmentation.md,strict two-stage rescan; official abstract/page inspected; needs human verification
CVPR2026-0399,Temporal Interaction in Spiking Transformers with Multi-Delay Mixer,Kexin Shi; Hanwen Liu; Zeyang Song; Yang Liu; Jieyuan Zhang; Shuai Wang; Jibin Wu; Malu Zhang; Yang Yang,CVPR,2026,C,SNN,https://openaccess.thecvf.com/content/CVPR2026/html/Shi_Temporal_Interaction_in_Spiking_Transformers_with_Multi-Delay_Mixer_CVPR_2026_paper.html,https://openaccess.thecvf.com/content/CVPR2026/papers/Shi_Temporal_Interaction_in_Spiking_Transformers_with_Multi-Delay_Mixer_CVPR_2026_paper.pdf,"Spiking Neural Networks (SNNs) have gained significant attention due to their event-driven computational paradigm, making them promising for neuromorphic computing. In recent years, the integration of SNNs and Transformer architectures has made remarkable progress in various tasks. However, existing spiking self-attention mechanisms predominantly focus on spatial information while neglecting explicit temporal modeling, leading to suboptimal performance. In this paper, we introduce the Temporal Interaction Coefficient (TIC) to analyze temporal dependency patterns in these spatial-only attention mechanisms, revealing their limited temporal interactions and restricted pattern diversity. To overcome this issue, we propose the Multi-Delay Mixer (MD-Mixer), drawing inspiration from time delay mechanisms in the nervous system. Specifically, MD-Mixer introduces multiple temporal delays to perform effective time mixing and facilitate temporally enriched spatial attention. In addition, it can be integrated seamlessly into existing Spiking Transformers as a drop-in replacement while maintaining computational efficiency. Extensive evaluations on static and neuromorphic benchmarks demonstrate that MD-Mixer substantially improves the performance of Spiking Transformers, outperforming existing state-of-the-art (SOTA) methods. This work establishes MD-Mixer as an effective and general solution for temporal modeling in event-driven architectures.",spiking neural networks; snns; spiking transformers,Official abstract/page strictly confirms SNN/spiking neural computation; no clear event-camera/DVS evidence found.,01-papers-by-conference/CVPR2026/C/2026-CVPR-C-temporal-interaction-in-spiking-transformers-with-multi-delay-mixer.md,strict two-stage rescan; official abstract/page inspected; needs human verification
CVPR2026-0405,Temporal Representation Enhancement (TRE): Learning to Forget Dominant Patterns for Enhanced Temporal Spiking Features,Wei Liu; Li Yang; Yufei Wang; Han Xiao; Boyu Cai; Weiming Hu,CVPR,2026,C,SNN,https://openaccess.thecvf.com/content/CVPR2026/html/Liu_Temporal_Representation_Enhancement_TRE_Learning_to_Forget_Dominant_Patterns_for_CVPR_2026_paper.html,https://openaccess.thecvf.com/content/CVPR2026/papers/Liu_Temporal_Representation_Enhancement_TRE_Learning_to_Forget_Dominant_Patterns_for_CVPR_2026_paper.pdf,"Spiking Neural Networks (SNNs) naturally process visual inputs across multiple timesteps, offering rich temporal dynamics and energy-efficient computation. However, the temporally invariant supervision commonly used in training tends to reinforce the same dominant response patterns across timesteps, leading to redundant representations and limiting temporal discriminability. To overcome this limitation, we introduce Temporal Representation Enhancement(TRE), a novel learning-to-forget paradigm that encourages more diverse and complementary temporal representations. TRE identifies high-contribution semantic patterns through class-specific contribution estimation and temporal accumulation, and selectively suppresses them using a dynamic modulation strategy. By redirecting the model's attention toward alternative yet informative semantic cues, TRE promotes the learning of complementary features across timesteps. This approach not only strengthens the temporal discriminative capacity of SNNs but also enables more effective multi-timestep learning by leveraging richer semantic information. Extensive experiments on both static image datasets and dynamic neuromorphic datasets demonstrate that TRE consistently improves classification accuracy and feature diversity across different SNN backbones.",spiking neural networks; snns,Official abstract/page strictly confirms SNN/spiking neural computation; no clear event-camera/DVS evidence found.,01-papers-by-conference/CVPR2026/C/2026-CVPR-C-temporal-representation-enhancement-tre-learning-to-forget-dominant-patterns-for-enhanced-.md,strict two-stage rescan; official abstract/page inspected; needs human verification
CVPR2026-0439,RE-VLM: Event-Augmented Vision-Language Model for Scene Understanding,Hanqing Liu; Mingjie Liu; Luoping Cui; Endian Lin; Donghong Jiang; Chuang Zhu,CVPR,2026,B,Event Camera,https://openaccess.thecvf.com/content/CVPR2026/html/Liu_RE-VLM_Event-Augmented_Vision-Language_Model_for_Scene_Understanding_CVPR_2026_paper.html,https://openaccess.thecvf.com/content/CVPR2026/papers/Liu_RE-VLM_Event-Augmented_Vision-Language_Model_for_Scene_Understanding_CVPR_2026_paper.pdf,"Conventional vision-language models (VLMs) struggle to interpret scenes captured under adverse conditions (e.g., low light, high dynamic range, or fast motion) because standard RGB images degrade in such environments. Event cameras provide a complementary modality: they asynchronously record per-pixel brightness changes with high temporal resolution and wide dynamic range, preserving motion cues where frames fail. We propose RE-VLM, the first dual-stream vision-language model that jointly leverages RGB images and event streams for robust scene understanding across both normal and challenging conditions. RE-VLM employs parallel RGB and event encoders together with a progressive training strategy that aligns heterogeneous visual features with language. To address the scarcity of RGB-Event-Text supervision, we further propose a graph-driven pipeline that converts synchronized RGB-Event streams into verifiable scene graphs, from which we synthesize captions and question-answer (QA) pairs. To develop and evaluate RE-VLM, we construct two datasets: PEOD-Chat, targeting illumination-challenged scenes, and RGBE-Chat, covering diverse scenarios. On captioning and VQA benchmarks, RE-VLM consistently outperforms state-of-the-art RGB-only and event-only models with comparable parameter counts, with particularly large gains under challenging conditions. These results demonstrate the effectiveness of event-augmented VLMs in achieving robust vision-language understanding across a wide range of real-world environments. Code and datasets are available at https://github.com/bupt-ai-cz/RE-VLM.",event cameras; event camera visual-event context; event cameras visual-event context; brightness change visual-event context; rgb-event visual-event context; event stream with event-camera context,Official abstract/page strictly confirms event-camera/DVS/visual-event-sensor evidence; no clear SNN evidence found.,01-papers-by-conference/CVPR2026/B/2026-CVPR-B-re-vlm-event-augmented-vision-language-model-for-scene-understanding.md,strict two-stage rescan; official abstract/page inspected; needs human verification
CVPR2026-0479,Towards Persistence: Learning Topological Constraints for Event-based Small Object Detection,Shiman He; Nuo Chen; Xinyi Ying; Yihang Luo; Yangsi Shi; Zaiping Lin; Miao Li,CVPR,2026,B,Event Camera,https://openaccess.thecvf.com/content/CVPR2026/html/He_Towards_Persistence_Learning_Topological_Constraints_for_Event-based_Small_Object_Detection_CVPR_2026_paper.html,https://openaccess.thecvf.com/content/CVPR2026/papers/He_Towards_Persistence_Learning_Topological_Constraints_for_Event-based_Small_Object_Detection_CVPR_2026_paper.pdf,"Small object detection (SOD) plays a vital role in applications such as anti-UAV tasks, yet conventional image-based methods struggle in high-speed scenarios due to the limited frame rate. Event cameras offer a promising alternative by capturing spatiotemporal event streams with microsecond-level temporal resolution. To address the inherent sparsity of small objects in event data, existing methods typically formulate the detection task as semantic segmentation on spatiotemporal point clouds to leverage long-term contextual information. However, these methods often fail to enforce effective spatiotemporal consistency constraints, resulting in fragmented object trajectories. To mitigate these problems, we propose a topology-constrained sparse convolutional network (SpTopoNet), which models the topological structure of moving object trajectories in event point clouds. Our network comprises two key components: a Topology Learning Module (TLM) that discriminates local structures to separate genuine targets from noise, and a Spatial Consistency Module (SCM) that captures long-range spatiotemporal dependencies to enhance trajectory continuity. Additionally, we introduce an event topology-aware loss function that leverages topological correlations to guide the network to maintain structural integrity of target event patterns.Experiments on the benchmark dataset demonstrate the superiority of our method in both detection performance and trajectory completeness.",event cameras; event camera visual-event context; event cameras visual-event context; event stream with event-camera context; event-based with event-camera context,Official abstract/page strictly confirms event-camera/DVS/visual-event-sensor evidence; no clear SNN evidence found.,01-papers-by-conference/CVPR2026/B/2026-CVPR-B-towards-persistence-learning-topological-constraints-for-event-based-small-object-detectio.md,strict two-stage rescan; official abstract/page inspected; needs human verification
CVPR2026-0662,Tracking through Severe Occlusion via Event-Derived Transient Cues,Hao Dong; Yujin Liu; Haoyue Liu; Zhenyu Wang; Shihan Peng; Zhiwei Shi; Yi Chang; Luxin Yan,CVPR,2026,B,Event Camera,https://openaccess.thecvf.com/content/CVPR2026/html/Dong_Tracking_through_Severe_Occlusion_via_Event-Derived_Transient_Cues_CVPR_2026_paper.html,https://openaccess.thecvf.com/content/CVPR2026/papers/Dong_Tracking_through_Severe_Occlusion_via_Event-Derived_Transient_Cues_CVPR_2026_paper.pdf,"Tracking targets with high-speed and nonlinear motion under occlusion remains challenging due to spatial appearance deprivation and temporal trajectory fragmentation caused by missing visual cues. Existing methods typically either dynamically update templates to maintain appearance similarity or employ autoregressive models to predict targets from historical trajectories. However, these methods are ineffective under severe occlusion owing to template contamination and limited frame rates for complex motion. In this work, we observe that occlusion inherently degrades the spatial matching mechanism, highlighting the importance of temporal cues. Meanwhile, event cameras with microsecond-level temporal resolution provide transient dynamic cues that facilitate modeling nonlinear motion. In light of this, we propose EvoTrack, an occlusion-robust tracking framework via event-derived transient evolution, which comprises event-based motion autoregression and target-aware appearance matching. Specifically, for motion autoregression, the fine-grained timestamps of events naturally encode the target's direction and speed, motivating a bidirectional motion consistency that constrains inter-frame displacement prediction under nonlinear motion. For appearance matching, we adopt a Gaussian masking strategy to simulate occlusion degradation, guiding the model to focus on target regions and learn invariant representations. Furthermore, we build a pixel-aligned Frame-Event tracking dataset with higher spatial resolution and explicit occlusion labels. Extensive experiments demonstrate the effectiveness of EvoTrack in challenging occlusion scenes.",event cameras; event camera visual-event context; event cameras visual-event context; frame-event visual-event context; event-based motion visual-event context; event-based with event-camera context,Official abstract/page strictly confirms event-camera/DVS/visual-event-sensor evidence; no clear SNN evidence found.,01-papers-by-conference/CVPR2026/B/2026-CVPR-B-tracking-through-severe-occlusion-via-event-derived-transient-cues.md,strict two-stage rescan; official abstract/page inspected; needs human verification
CVPR2026-0789,RGB-Event based Pedestrian Attribute Recognition: A Benchmark Dataset and An Asymmetric RWKV Fusion Framework,Xiao Wang; Haiyang Wang; Shiao Wang; Qiang Chen; Jiandong Jin; Haoyu Song; Bo Jiang; Chenglong Li,CVPR,2026,B,Event Camera,https://openaccess.thecvf.com/content/CVPR2026/html/Wang_RGB-Event_based_Pedestrian_Attribute_Recognition_A_Benchmark_Dataset_and_An_CVPR_2026_paper.html,https://openaccess.thecvf.com/content/CVPR2026/papers/Wang_RGB-Event_based_Pedestrian_Attribute_Recognition_A_Benchmark_Dataset_and_An_CVPR_2026_paper.pdf,"Existing pedestrian attribute recognition methods are generally developed based on RGB frame cameras. However, these approaches are constrained by the limitations of RGB cameras, such as sensitivity to lighting conditions and motion blur, which hinder their performance. Furthermore, current attribute recognition primarily focuses on analyzing pedestrians' external appearance and clothing, lacking an exploration of emotional dimensions. In this paper, we revisit these issues and propose a novel multi-modal RGB-Event attribute recognition task by drawing inspiration from the advantages of event cameras in low-light, high-speed, and low-power consumption. Specifically, we introduce the first large-scale multi-modal pedestrian attribute recognition dataset, termed EventPAR, comprising 100K paired RGB-Event samples that cover 50 attributes related to both appearance and six human emotions, diverse scenes, and various seasons. By retraining and evaluating mainstream PAR models on this dataset, we establish a comprehensive benchmark and provide a solid foundation for future research in terms of data and algorithmic baselines. In addition, we propose a novel RWKV-based multi-modal pedestrian attribute recognition framework, featuring an RWKV visual encoder and an asymmetric RWKV fusion module. Extensive experiments are conducted on our proposed dataset as well as two simulated datasets (MARS-Attribute and DukeMTMC-VID-Attribute), achieving state-of-the-art results. The source code and dataset will be released upon acceptance.",event cameras; event camera visual-event context; event cameras visual-event context; rgb-event visual-event context; event-based with event-camera context,Official abstract/page strictly confirms event-camera/DVS/visual-event-sensor evidence; no clear SNN evidence found.,01-papers-by-conference/CVPR2026/B/2026-CVPR-B-rgb-event-based-pedestrian-attribute-recognition-a-benchmark-dataset-and-an-asymmetric-rwk.md,strict two-stage rescan; official abstract/page inspected; needs human verification
CVPR2026-0881,Event Stream Filtering via Probability Flux Estimation,Jinze Chen; Wei Zhai; Yang Cao; Bin Li; Zheng-Jun Zha,CVPR,2026,B,Event Camera,https://openaccess.thecvf.com/content/CVPR2026/html/Chen_Event_Stream_Filtering_via_Probability_Flux_Estimation_CVPR_2026_paper.html,https://openaccess.thecvf.com/content/CVPR2026/papers/Chen_Event_Stream_Filtering_via_Probability_Flux_Estimation_CVPR_2026_paper.pdf,"Event cameras asynchronously capture brightness changes with microsecond latency, offering exceptional temporal precision but suffering from severe noise and signal inconsistencies. Unlike conventional signals, events carry state information through polarities and process information through inter-event time intervals. However, existing event filters often ignore the latter, producing outputs that are sparser than the raw input and limiting the reconstruction of continuous irradiance dynamics. We propose the Event Density Flow Filter (EDFilter), a framework that models event generation as threshold-crossing probability fluxes arising from the stochastic diffusion of irradiance trajectories. EDFilter performs nonparametric, kernel-based estimation of probability flux and reconstructs the continuous event density flow using an O(1) recursive solver, enabling real-time processing. The Rotary Event Dataset (RED), featuring microsecond-resolution ground-truth irradiance flow under controlled illumination is also presented for event quality evaluation. Experiments demonstrate that EDFilter achieves high-fidelity, physically interpretable event denoising and motion reconstruction.",event cameras; event camera visual-event context; event cameras visual-event context; brightness change visual-event context; event dataset visual-event context; event stream with event-camera context,Official abstract/page strictly confirms event-camera/DVS/visual-event-sensor evidence; no clear SNN evidence found.,01-papers-by-conference/CVPR2026/B/2026-CVPR-B-event-stream-filtering-via-probability-flux-estimation.md,strict two-stage rescan; official abstract/page inspected; needs human verification
CVPR2026-0897,Robust Spiking Neural Networks by Temporal Mutual Information,Mengting Xu; Shi Gu; Peng Lin; De Ma; Huajin Tang; Qian Zheng; Gang Pan,CVPR,2026,C,SNN,https://openaccess.thecvf.com/content/CVPR2026/html/Xu_Robust_Spiking_Neural_Networks_by_Temporal_Mutual_Information_CVPR_2026_paper.html,https://openaccess.thecvf.com/content/CVPR2026/papers/Xu_Robust_Spiking_Neural_Networks_by_Temporal_Mutual_Information_CVPR_2026_paper.pdf,"Spiking Neural Networks (SNNs) have attracted increasing attention for their biologically inspired temporal dynamics. As their applications expand, understanding their robustness has become an important research focus. However, little is known about how the intrinsic temporal properties of SNNs affect robustness. In this work, we revisit SNN robustness from an information-theoretic perspective and reveal the pivotal role of temporal dynamics. We establish a theoretical link between robustness error and the mutual information (MI) between inputs and latent representations along the temporal dimension, grounded in the information bottleneck principle. Through an analysis of spike-based information transmission, we show that temporal dynamics inherently compress MI, thereby tightening the robustness error bound. Building on this insight, we propose a Temporal Mutual Information (TMI) regularizer that explicitly exploits temporal characteristics to enhance robustness. Extensive experiments on CIFAR-10, CIFAR-100, DVS-CIFAR10, Tiny-ImageNet, and ImageNet demonstrate that our method consistently improves SNN robustness across various architectures and attack settings.",dvs; dvs visual-event context; spiking neural networks; snns,"Official abstract/page confirms SNN/spiking neural computation; event-camera/DVS evidence is benchmark-only or supporting context, so this is SNN background rather than A.",01-papers-by-conference/CVPR2026/C/2026-CVPR-C-robust-spiking-neural-networks-by-temporal-mutual-information.md,strict two-stage rescan; official abstract/page inspected; needs human verification; Manual global ABC audit 2026-07-04: downgraded A->C under benchmark-only/supporting-context rule.
CVPR2026-1160,Towards Reliable Evaluation of Adversarial Robustness for Spiking Neural Networks,Jihang Wang; Dongcheng Zhao; Ruolin Chen; Qian Zhang; Yi Zeng,CVPR,2026,C,SNN,https://openaccess.thecvf.com/content/CVPR2026/html/Wang_Towards_Reliable_Evaluation_of_Adversarial_Robustness_for_Spiking_Neural_Networks_CVPR_2026_paper.html,https://openaccess.thecvf.com/content/CVPR2026/papers/Wang_Towards_Reliable_Evaluation_of_Adversarial_Robustness_for_Spiking_Neural_Networks_CVPR_2026_paper.pdf,"Spiking Neural Networks (SNNs) utilize spike-based activations to mimic the brain's energy-efficient information processing. However, the binary and discontinuous nature of spike activations causes vanishing gradients, making adversarial robustness evaluation via gradient descent unreliable. While improved surrogate gradient methods have been proposed, their effectiveness under strong adversarial attacks remains unclear. We propose a more reliable framework for evaluating SNN adversarial robustness. We theoretically analyze the degree of gradient vanishing in surrogate gradients and introduce the Adaptive Sharpness Surrogate Gradient (ASSG), which adaptively evolves the shape of the surrogate function according to the input distribution during attack iterations, thereby enhancing gradient accuracy while mitigating gradient vanishing. In addition, we design an adversarial attack with adaptive step size under the L_infinity constraint--Stable Adaptive Projected Gradient Descent (SA-PGD), achieving faster and more stable convergence under imprecise gradients. Extensive experiments show that our approach substantially increases attack success rates across diverse adversarial training schemes, SNN architectures and neuron models, providing a more generalized and reliable evaluation of SNN adversarial robustness. The experimental results further reveal that the robustness of current SNNs has been significantly overestimated and highlighting the need for more dependable adversarial training methods. The code is released at https://github.com/craree/ASSG-SNNs-Robustness-Evaluation",spiking neural networks; snns; surrogate gradients,Official abstract/page strictly confirms SNN/spiking neural computation; no clear event-camera/DVS evidence found.,01-papers-by-conference/CVPR2026/C/2026-CVPR-C-towards-reliable-evaluation-of-adversarial-robustness-for-spiking-neural-networks.md,strict two-stage rescan; official abstract/page inspected; needs human verification
CVPR2026-1217,Bidirectional Cross-Modal Prompting for Event-Frame Asymmetric Stereo,Ninghui Xu; Fabio Tosi; Lihui Wang; Jiawei Han; Luca Bartolomei; Zhiting Yao; Matteo Poggi; Stefano Mattoccia,CVPR,2026,B,Event Camera,https://openaccess.thecvf.com/content/CVPR2026/html/Xu_Bidirectional_Cross-Modal_Prompting_for_Event-Frame_Asymmetric_Stereo_CVPR_2026_paper.html,https://openaccess.thecvf.com/content/CVPR2026/papers/Xu_Bidirectional_Cross-Modal_Prompting_for_Event-Frame_Asymmetric_Stereo_CVPR_2026_paper.pdf,"Conventional frame-based cameras capture rich contextual information but suffer from limited temporal resolution and motion blur in dynamic scenes. Event cameras offer an alternative visual representation with higher dynamic range free from such limitations. The complementary characteristics of the two modalities make event-frame asymmetric stereo promising for reliable 3D perception under fast motion and challenging illumination. However, the modality gap often leads to marginalization of domain-specific cues essential for cross-modal stereo matching. In this paper, we introduce Bi-CMPStereo, a novel bidirectional cross-modal prompting framework that fully exploits semantic and structural features from both domains for robust matching. Our approach learns finely aligned stereo representations within a target canonical space and integrates complementary representations by projecting each modality into both event and frame domains. Extensive experiments demonstrate that our approach significantly outperforms state-of-the-art methods in accuracy and generalization.",event cameras; event camera visual-event context; event cameras visual-event context; event-frame visual-event context,Official abstract/page strictly confirms event-camera/DVS/visual-event-sensor evidence; no clear SNN evidence found.,01-papers-by-conference/CVPR2026/B/2026-CVPR-B-bidirectional-cross-modal-prompting-for-event-frame-asymmetric-stereo.md,strict two-stage rescan; official abstract/page inspected; needs human verification
CVPR2026-1228,Scaling Dense Event-Stream Pretraining from Visual Foundation Models,Zhiwen Chen; Junhui Hou; Zhiyu Zhu; Jinjian Wu; Guangming Shi,CVPR,2026,B,Event Camera,https://openaccess.thecvf.com/content/CVPR2026/html/Chen_Scaling_Dense_Event-Stream_Pretraining_from_Visual_Foundation_Models_CVPR_2026_paper.html,https://openaccess.thecvf.com/content/CVPR2026/papers/Chen_Scaling_Dense_Event-Stream_Pretraining_from_Visual_Foundation_Models_CVPR_2026_paper.pdf,"Learning versatile, fine-grained representations from irregular event streams is pivotal yet nontrivial, primarily due to the heavy annotation that hinders scalability in dataset size, semantic richness, and application scope. To mitigate this dilemma, we launch a novel self-supervised pretraining method that distills visual foundation models (VFMs) to push the boundaries of event representation at scale. Specifically, we curate an extensive synchronized image-event collection to amplify cross-modal alignment. Nevertheless, due to inherent mismatches in sparsity and granularity between image-event domains, existing distillation paradigms are prone to semantic collapse in event representations, particularly at high resolutions. To bridge this gap, we propose to extend the alignment objective to semantic structures provided off-the-shelf by VFMs, indicating a broader receptive field and stronger supervision. The key ingredient of our method is a structure-aware distillation loss that grounds higher-quality image-event correspondences for alignment, optimizing dense event representations. Extensive experiments demonstrate that our approach takes a great leap in downstream benchmarks, significantly surpassing traditional methods and existing pretraining techniques. This breakthrough manifests in enhanced generalization, superior data efficiency and elevated transferability. The source code will be available.",image-event visual-event context; event stream with event-camera context,Official abstract/page strictly confirms event-camera/DVS/visual-event-sensor evidence; no clear SNN evidence found.,01-papers-by-conference/CVPR2026/B/2026-CVPR-B-scaling-dense-event-stream-pretraining-from-visual-foundation-models.md,strict two-stage rescan; official abstract/page inspected; needs human verification
CVPR2026-1239,Depth Hypothesis Guided Iterative Refinement for Event-Image Monocular Depth Estimation,Daikun Liu; Teng Wang; Changyin Sun,CVPR,2026,B,Event Camera,https://openaccess.thecvf.com/content/CVPR2026/html/Liu_Depth_Hypothesis_Guided_Iterative_Refinement_for_Event-Image_Monocular_Depth_Estimation_CVPR_2026_paper.html,https://openaccess.thecvf.com/content/CVPR2026/papers/Liu_Depth_Hypothesis_Guided_Iterative_Refinement_for_Event-Image_Monocular_Depth_Estimation_CVPR_2026_paper.pdf,"Event cameras hold excellent dynamic properties, showing great potential for monocular depth estimation (MDE). However, existing methods mainly improve performance by optimizing contextual features, but still struggle with the ill-posed and nonlinear nature of direct full-depth regression. In this paper, we propose HypoDepth, the first event-image monocular depth iterative refinement framework. By introducing a discrete Depth Hypothesis Volume (DHV), we transform the depth regression problem into a constrained depth search task. Specifically, we construct a 3D cost volume between the DHV features and contextual features and perform a multi-scale correlation search to guide stable residual optimization. This lightweight cost volume enables efficient global-to-local refinement across multi-resolution. Our method outperforms existing approaches on DSEC and MVSEC with state-of-the-art results and strong zero-shot generalization. Meanwhile, our tiny model achieves an excellent balance between accuracy and efficiency, enabling real-time performance on resource-limited devices.",event cameras; event camera visual-event context; event cameras visual-event context; event-image visual-event context,Official abstract/page strictly confirms event-camera/DVS/visual-event-sensor evidence; no clear SNN evidence found.,01-papers-by-conference/CVPR2026/B/2026-CVPR-B-depth-hypothesis-guided-iterative-refinement-for-event-image-monocular-depth-estimation.md,strict two-stage rescan; official abstract/page inspected; needs human verification
CVPR2026-1312,SMV-EAR: Bring Spatiotemporal Multi-View Representation Learning into Efficient Event-Based Action Recognition,Rui Fan; Weidong Hao; Juntao Guan; Lai Rui; Tong Wu; Fanhong Zeng; Lin Gu,CVPR,2026,B,Event Camera,https://openaccess.thecvf.com/content/CVPR2026/html/Fan_SMV-EAR_Bring_Spatiotemporal_Multi-View_Representation_Learning_into_Efficient_Event-Based_Action_CVPR_2026_paper.html,https://openaccess.thecvf.com/content/CVPR2026/papers/Fan_SMV-EAR_Bring_Spatiotemporal_Multi-View_Representation_Learning_into_Efficient_Event-Based_Action_CVPR_2026_paper.pdf,"Event cameras action recognition (EAR) offers compelling privacy-protecting and efficiency advantages, where temporal motion dynamics is of great importance. Existing spatiotemporal multi-view representation learning (SMVRL) methods for event-based object recognition (EOR) offer promising solutions by projecting H-W-T events alone spatial axis H and W, yet are limited by its translation-variant spatial binning representation and naive early concatenation fusion architecture. This paper reexamines the key SMVRL design stages for EAR and propose: (i) a principled spatiotemporal multi-view representation through translation-invariant dense conversion of sparse events, (ii) a dual-branch, dynamic fusion architecture that models sample-wise complementarity between motion features from different views, and (iii) a bio-inspired temporal warping augmentation that mimics speed variability of real-world human actions. On three challenging EAR datasets of HARDVS, DailyDVS-200 and THU-EACT-50-CHL, we show +7.0%, +10.7%, and +10.2% Top-1 accuracy gains over existing SMVRL EOR method with surprising 30.1% reduced parameters and 35.7% lower computations, establishing our framework as a novel and powerful EAR paradigm. Code are avaliable in https://github.com/Fineshawray/SMV-EAR.",event cameras; event camera visual-event context; event cameras visual-event context; dvs visual-event context; event-based object visual-event context; event-based action visual-event context; event-based with event-camera context,Official abstract/page strictly confirms event-camera/DVS/visual-event-sensor evidence; no clear SNN evidence found.,01-papers-by-conference/CVPR2026/B/2026-CVPR-B-smv-ear-bring-spatiotemporal-multi-view-representation-learning-into-efficient-event-based.md,strict two-stage rescan; official abstract/page inspected; needs human verification
CVPR2026-1573,Adaptive Spatial-Temporal Window: Unlocking the Potential of Event Cameras in Heterogeneous Velocity Scenarios,Zhipeng Sui; Haiqing Hao; Weihua He; Seng-Hong Lee; Wenhui Wang,CVPR,2026,B,Event Camera,https://openaccess.thecvf.com/content/CVPR2026/html/Sui_Adaptive_Spatial-Temporal_Window_Unlocking_the_Potential_of_Event_Cameras_in_CVPR_2026_paper.html,https://openaccess.thecvf.com/content/CVPR2026/papers/Sui_Adaptive_Spatial-Temporal_Window_Unlocking_the_Potential_of_Event_Cameras_in_CVPR_2026_paper.pdf,"Most event-based algorithms typically split the event stream into fixed groups (e.g., fixed time or fixed count) for downstream processing, lacking adaptivity to scene dynamics. Several adaptive partitioning strategies have been proposed, but they are unable to cope well with heterogeneous velocity scenarios (HVS) involving both fast- and slow-moving objects. To address this issue, we propose Adaptive Spatial-Temporal Window (ASTW) strategy, which simultaneously achieves temporal adaptivity and spatial locality in event partitioning. Based on the principle of maximum entropy, we derive a patch-level time window determination criterion and efficiently implement it based on event density and vectorized calculations. Experiments on publicly available event-based object detection and tracking datasets demonstrate that ASTW significantly outperforms existing state-of-the-art partitioning strategies. We also construct HetVel, the first RGB-event dual-modality dataset for HVS, and further highlight the advantages of ASTW on this challenging benchmark. We believe that our ASTW strategy and the constructed HetVel dataset will advance the field of neuromorphic vision.",event cameras; event camera visual-event context; event cameras visual-event context; rgb-event visual-event context; event-based object visual-event context; event stream with event-camera context; event-based with event-camera context,Official abstract/page strictly confirms event-camera/DVS/visual-event-sensor evidence; no clear SNN evidence found.,01-papers-by-conference/CVPR2026/B/2026-CVPR-B-adaptive-spatial-temporal-window-unlocking-the-potential-of-event-cameras-in-heterogeneous.md,strict two-stage rescan; official abstract/page inspected; needs human verification
CVPR2026-1798,SpikeTrack: High-performance and Energy-efficient Event-Based Object Tracking with Spiking Neural Network,Yang Wang; Jiqing Zhang; Chuanyu Sun; Qianhui Liu; Huilin Ge; Ziqi Wei; Xin Yang,CVPR,2026,A,SNN + Event Camera,https://openaccess.thecvf.com/content/CVPR2026/html/Wang_SpikeTrack_High-performance_and_Energy-efficient_Event-Based_Object_Tracking_with_Spiking_Neural_CVPR_2026_paper.html,https://openaccess.thecvf.com/content/CVPR2026/papers/Wang_SpikeTrack_High-performance_and_Energy-efficient_Event-Based_Object_Tracking_with_Spiking_Neural_CVPR_2026_paper.pdf,"Event cameras have attracted considerable attention for object tracking due to their microsecond-level temporal resolution and wide dynamic range, yet effectively harnessing spiking neural networks (SNNs) in this domain remains challenging. In this paper, we introduce SpikeTrack, a purely spike-driven framework for single-object tracking that addresses the shortcomings of RGB-based approaches in fast-motion or target appearance change. Central to SpikeTrack is the Multi-Search-sequence-and-Single-Template (MSST) training paradigm, which captures rich temporal dependencies, alongside a Dynamic Integer Leaky Integrate-and-Fire (DI-LIF) neuron that adaptively predicts integer-valued activations based on the input features during training and converts them into spikes during inference. Our design preserves the intrinsic sparsity and fine-grained spatiotemporal acuity of event data, resulting in efficient energy consumption without sacrificing performance. Extensive evaluations on FE108, FELT, and VisEvent demonstrate that SpikeTrack exceeds the performance of state-of-the-art trackers in both accuracy and efficiency. Furthermore, ablation studies validate each module's contribution, highlighting the practical potential of spike-driven architectures for future vision applications.",event cameras; event camera visual-event context; event cameras visual-event context; event-based object visual-event context; event-based with event-camera context; spiking neural networks; snns; leaky integrate-and-fire; integrate-and-fire; lif; spike-driven,Official abstract/page strictly confirms both event-camera/DVS/visual-event-sensor evidence and SNN/spiking neural computation.,01-papers-by-conference/CVPR2026/A/2026-CVPR-A-spiketrack-high-performance-and-energy-efficient-event-based-object-tracking-with-spiking-.md,strict two-stage rescan; official abstract/page inspected; needs human verification
CVPR2026-1824,EventHub: Data Factory for Generalizable Event-Based Stereo Networks without Active Sensors,Luca Bartolomei; Fabio Tosi; Matteo Poggi; Stefano Mattoccia; Guillermo Gallego,CVPR,2026,B,Event Camera,https://openaccess.thecvf.com/content/CVPR2026/html/Bartolomei_EventHub_Data_Factory_for_Generalizable_Event-Based_Stereo_Networks_without_Active_CVPR_2026_paper.html,https://openaccess.thecvf.com/content/CVPR2026/papers/Bartolomei_EventHub_Data_Factory_for_Generalizable_Event-Based_Stereo_Networks_without_Active_CVPR_2026_paper.pdf,"We propose EventHub, a novel framework for training deep-event stereo networks without ground truth annotations from costly active sensors, relying instead on standard color images. From these images, we derive either proxy annotations and proxy events through state-of-the-art novel view synthesis techniques, or simply proxy annotations when images are already paired with event data. Using the training set generated by our data factory, we repurpose state-of-the-art stereo models from RGB literature to process event data, obtaining new event stereo models with unprecedented generalization capabilities.Experiments on widely used event stereo datasets support the effectiveness of EventHub and show how the same data distillation mechanism can improve the accuracy of RGB stereo foundation models in challenging conditions such as nighttime scenes.",event-based stereo visual-event context; event-based with event-camera context,Official abstract/page strictly confirms event-camera/DVS/visual-event-sensor evidence; no clear SNN evidence found.,01-papers-by-conference/CVPR2026/B/2026-CVPR-B-eventhub-data-factory-for-generalizable-event-based-stereo-networks-without-active-sensors.md,strict two-stage rescan; official abstract/page inspected; needs human verification
CVPR2026-1873,Spike-driven Discrete Aggregation for Event-based Object Detection,Huaning Li; Ziming Wang; Runhao Jiang; Yan Rui; Huajin Tang,CVPR,2026,A,SNN + Event Camera,https://openaccess.thecvf.com/content/CVPR2026/html/Li_Spike-driven_Discrete_Aggregation_for_Event-based_Object_Detection_CVPR_2026_paper.html,https://openaccess.thecvf.com/content/CVPR2026/papers/Li_Spike-driven_Discrete_Aggregation_for_Event-based_Object_Detection_CVPR_2026_paper.pdf,"With their high dynamic range and temporal resolution, event cameras are well-suited for object detection, especially under motion blur and extreme illumination. Recent state-of-the-art works for event-based object detection primarily focus on the high-level design of backbones. However, developing effective event representations is equally crucial, as it bridges asynchronous event streams with the dense tensors required by detection networks. Most existing aggregation strategies for event representation continuously accumulate all events within sampled intervals without selective filtering, inevitably introducing uninformative events that degrade detection accuracy. To address this limitation, we introduce a novel perspective, termed Discrete Aggregation, which adaptively and discretely selects informative events for differentiable aggregation. We realize this through the Spiking Discrete Aggregation (SDA) module, which is inspired by the threshold-based spike firing mechanism in Spiking Neural Networks (SNNs) and implemented using gated recurrent spiking neurons. Additionally, we introduce the Multi-Timescale Fusion (MTF) method which leverages coarse-grained temporal features from continuous event streams to further enhance the representation capability of SDA. Experimental results on neuromorphic datasets demonstrate that our method achieves state-of-the-art performance among all fully spiking architectures while using fewer parameters, reaching 43.4% mAP\textsubscript 50:95 on Gen1 (+ 4.5% over prior art). Moreover, our method exhibits superior robustness under noisy conditions and shows strong compatibility with non-spiking models.",event cameras; event camera visual-event context; event cameras visual-event context; event-based object visual-event context; event stream with event-camera context; event-based with event-camera context; spiking neural networks; snns; spiking neurons; spike-driven,Official abstract/page strictly confirms both event-camera/DVS/visual-event-sensor evidence and SNN/spiking neural computation.,01-papers-by-conference/CVPR2026/A/2026-CVPR-A-spike-driven-discrete-aggregation-for-event-based-object-detection.md,strict two-stage rescan; official abstract/page inspected; needs human verification
CVPR2026-1935,SpikeTrack: A Spike-driven Framework for Efficient Visual Tracking,Qiuyang Zhang; Jiujun Cheng; Qichao Mao; Cong Liu; Yu Fang; Yuhong Li; Mengying Ge; Shangce Gao,CVPR,2026,C,SNN,https://openaccess.thecvf.com/content/CVPR2026/html/Zhang_SpikeTrack_A_Spike-driven_Framework_for_Efficient_Visual_Tracking_CVPR_2026_paper.html,https://openaccess.thecvf.com/content/CVPR2026/papers/Zhang_SpikeTrack_A_Spike-driven_Framework_for_Efficient_Visual_Tracking_CVPR_2026_paper.pdf,"Spiking Neural Networks (SNNs) promise energy-efficient vision, but applying them to RGB visual tracking remains difficult: Existing SNN tracking frameworks either do not fully align with spike-driven computation or do not fully leverage neurons' spatiotemporal dynamics, leading to a trade-off between efficiency and accuracy. To address this, we introduce SpikeTrack, a spike-driven framework for energy-efficient RGB object tracking. SpikeTrack employs a novel asymmetric design that uses asymmetric timestep expansion and unidirectional information flow, harnessing spatiotemporal dynamics while cutting computation. To ensure effective unidirectional information transfer between branches, we design a memory-retrieval module inspired by neural inference mechanisms. This module recurrently queries a compact memory initialized by the template to retrieve target cues and sharpen target perception over time. Extensive experiments demonstrate that SpikeTrack achieves the state-of-the-art among SNN-based trackers and remains competitive with advanced ANN trackers. Notably, it surpasses TransT on LaSOT dataset while consuming only 1/26 of its energy. To our knowledge, SpikeTrack is the first spike-driven framework to make RGB tracking both accurate and energy efficient.",spiking neural networks; snns; spike-driven,Official abstract/page strictly confirms SNN/spiking neural computation; no clear event-camera/DVS evidence found.,01-papers-by-conference/CVPR2026/C/2026-CVPR-C-spiketrack-a-spike-driven-framework-for-efficient-visual-tracking.md,strict two-stage rescan; official abstract/page inspected; needs human verification
CVPR2026-2053,E-3DPSM: A State Machine for Event-based Egocentric 3D Human Pose Estimation,Mayur Deshmukh; Hiroyasu Akada; Helge Rhodin; Christian Theobalt; Vladislav Golyanik,CVPR,2026,B,Event Camera,https://openaccess.thecvf.com/content/CVPR2026/html/Deshmukh_E-3DPSM_A_State_Machine_for_Event-based_Egocentric_3D_Human_Pose_CVPR_2026_paper.html,https://openaccess.thecvf.com/content/CVPR2026/papers/Deshmukh_E-3DPSM_A_State_Machine_for_Event-based_Egocentric_3D_Human_Pose_CVPR_2026_paper.pdf,"Event cameras offer multiple advantages in monocular egocentric 3D human pose estimation from head-mounted devices, such as millisecond temporal resolution, high dynamic range, and negligible motion blur. Existing methods effectively leverage these properties, but suffer from low 3D estimation accuracy, insufficient in many applications (e.g., immersive VR/AR). This is due to the design not being fully tailored towards event streams (e.g., their asynchronous and continuous nature), leading to high sensitivity to self-occlusions and temporal jitter in the estimates. This paper rethinks the setting and introduces E-3DPSM, an event-driven continuous pose state machine for event-based egocentric 3D human pose estimation. E-3DPSM aligns continuous human motion with fine-grained event dynamics; it evolves latent states and predicts continuous changes in 3D joint positions associated with observed events, which are fused with direct 3D human pose predictions, leading to stable and drift-free final 3D pose reconstructions. E-3DPSM runs in real-time at 80 Hz on a single workstation and sets a new state of the art in experiments on two benchmarks, improving accuracy by up to 19% (MPJPE) and temporal stability by up to 2.7x.",event cameras; event camera visual-event context; event cameras visual-event context; event stream with event-camera context; event-based with event-camera context,Official abstract/page strictly confirms event-camera/DVS/visual-event-sensor evidence; no clear SNN evidence found.,01-papers-by-conference/CVPR2026/B/2026-CVPR-B-e-3dpsm-a-state-machine-for-event-based-egocentric-3d-human-pose-estimation.md,strict two-stage rescan; official abstract/page inspected; needs human verification
CVPR2026-2084,Event6D: Event-based Novel Object 6D Pose Tracking,Jae-Young Kang; Hoonhee Cho; Taeyeop Lee; Minjun Kang; Bowen Wen; Youngho Kim; Kuk-Jin Yoon,CVPR,2026,B,Event Camera,https://openaccess.thecvf.com/content/CVPR2026/html/Kang_Event6D_Event-based_Novel_Object_6D_Pose_Tracking_CVPR_2026_paper.html,https://openaccess.thecvf.com/content/CVPR2026/papers/Kang_Event6D_Event-based_Novel_Object_6D_Pose_Tracking_CVPR_2026_paper.pdf,"Event cameras provide microsecond latency, making them suitable for 6D object pose tracking in fast, dynamic scenes where conventional RGB and depth pipelines suffer from motion blur and large pixel displacements. We introduce EventTrack6D, an event-depth tracking framework that generalizes to novel objects without object-specific training by reconstructing both intensity and depth at arbitrary timestamps between depth frames. Conditioned on the most recent depth measurement, our dual reconstruction recovers dense photometric and geometric cues from sparse event streams. Our EventTrack6D operates at over 120 FPS and maintains temporal consistency under rapid motion. To support training and evaluation, we introduce a comprehensive benchmark suite: a large-scale synthetic dataset for training and two complementary evaluation sets, including real and simulated event datasets. Trained exclusively on synthetic data, EventTrack6D generalizes effectively to real-world scenarios without fine-tuning, maintaining accurate tracking across diverse objects and motion patterns. Our method and datasets validate the effectiveness of event cameras for event-based 6D pose tracking of novel objects. Code and datasets are publicly available at https://chohoonhee.github.io/Event6D.",event cameras; event camera visual-event context; event cameras visual-event context; event dataset visual-event context; event datasets visual-event context; event stream with event-camera context; event-based with event-camera context,Official abstract/page strictly confirms event-camera/DVS/visual-event-sensor evidence; no clear SNN evidence found.,01-papers-by-conference/CVPR2026/B/2026-CVPR-B-event6d-event-based-novel-object-6d-pose-tracking.md,strict two-stage rescan; official abstract/page inspected; needs human verification
CVPR2026-2128,MER-Tracker: Towards High-Speed 3D Point Tracking via Multi-View Event-RGB Hybrid Cameras,Yiqian Chang; Qinghong Ye; Haoran Xu; Jianing Li; Dongyang Ma; Xuan Wang; Wei Zhang; Yonghong Tian; Peixi Peng,CVPR,2026,B,Event Camera,https://openaccess.thecvf.com/content/CVPR2026/html/Chang_MER-Tracker_Towards_High-Speed_3D_Point_Tracking_via_Multi-View_Event-RGB_Hybrid_CVPR_2026_paper.html,https://openaccess.thecvf.com/content/CVPR2026/papers/Chang_MER-Tracker_Towards_High-Speed_3D_Point_Tracking_via_Multi-View_Event-RGB_Hybrid_CVPR_2026_paper.pdf,"This paper proposes the first task for high-speed 3D point tracking using multi-view Event-RGB hybrid cameras. We design a cuboid observation device comprising 4 RGB cameras (30fps) and 2 Event cameras to synchronously capture high-speed motions, and propose MER-Tracker, a high-frame-rate 3D point-tracking network that fuses the complementary strengths of dual modalities. We first respectively extract 2D motion-change features from the RGB and Event modalities, then apply linear interpolation and anchor sampling to fuse the discrete RGB 3D features and continuous Event 3D features after 3D lifting, and finally employ a LoRA-tuned Transformer based on temporal correlationship to predict the high-frame-rate 3D point trajectories over fast motions, accomplishing high-speed 3D point tracking. To verify the effectiveness of our method, we construct both real-world and simulated high-speed motion datasets. Experiments on these datasets show that our method achieves accurate high-speed 3D point tracking at high-frame-rate (150fps), outperforming state-of-the-art methods.",event cameras; event camera visual-event context; event cameras visual-event context; event-rgb visual-event context,Official abstract/page strictly confirms event-camera/DVS/visual-event-sensor evidence; no clear SNN evidence found.,01-papers-by-conference/CVPR2026/B/2026-CVPR-B-mer-tracker-towards-high-speed-3d-point-tracking-via-multi-view-event-rgb-hybrid-cameras.md,strict two-stage rescan; official abstract/page inspected; needs human verification
CVPR2026-2308,TTAPFormer: Robust Arbitrary Point Tracking via Transient Asynchronous Fusion of Frames and Events,Jiaxiong Liu; Zhen Tan; Jinpu Zhang; Yi Zhou; Hui Shen; Xieyuanli Chen; Dewen Hu,CVPR,2026,B,Event Camera,https://openaccess.thecvf.com/content/CVPR2026/html/Liu_TTAPFormer_Robust_Arbitrary_Point_Tracking_via_Transient_Asynchronous_Fusion_of_CVPR_2026_paper.html,https://openaccess.thecvf.com/content/CVPR2026/papers/Liu_TTAPFormer_Robust_Arbitrary_Point_Tracking_via_Transient_Asynchronous_Fusion_of_CVPR_2026_paper.pdf,"Tracking any point (TAP) is a fundamental yet challenging task in computer vision, requiring high precision and long-term motion reasoning. Recent attempts to combine RGB frames and event streams have shown promise, yet they typically rely on synchronous or non-adaptive fusion, leading to temporal misalignment and severe degradation when one modality fails. We introduce TAPFormer, a transformer-based framework that performs asynchronous temporal-consistent fusion of frames and events for robust and high-frequency arbitrary point tracking.Our key innovation is a Transient Asynchronous Fusion (TAF) mechanism, which explicitly models the temporal evolution between discrete frames through continuous event updates--bridging the gap between low-rate frames and high-rate events. In addition, a Cross-modal Locally Weighted Fusion (CLWF) module adaptively adjusts spatial attention according to modality reliability, yielding stable and discriminative features even under blur or low light.To evaluate our approach under realistic conditions, we construct a novel real-world frame-event TAP dataset under diverse illumination and motion conditions.Our method outperforms existing point trackers, achieving a 28.2% improvement in average pixel error within threshold. Moreover, on standard point tracking benchmarks, our tracker consistently achieves the best performance. We will release the code and dataset upon acceptance to support future research.",frame-event visual-event context; event stream with event-camera context,Official abstract/page strictly confirms event-camera/DVS/visual-event-sensor evidence; no clear SNN evidence found.,01-papers-by-conference/CVPR2026/B/2026-CVPR-B-ttapformer-robust-arbitrary-point-tracking-via-transient-asynchronous-fusion-of-frames-and.md,strict two-stage rescan; official abstract/page inspected; needs human verification
CVPR2026-2514,Beyond Duality: A Hybrid Framework of Leveraging Shared and Private Features for RGB-Event Object Detection,Keyao Wang; Shuai Liu; Hengda Shi; Lukui Shi; Haiyong Chen,CVPR,2026,B,Event Camera,https://openaccess.thecvf.com/content/CVPR2026/html/Wang_Beyond_Duality_A_Hybrid_Framework_of_Leveraging_Shared_and_Private_CVPR_2026_paper.html,https://openaccess.thecvf.com/content/CVPR2026/papers/Wang_Beyond_Duality_A_Hybrid_Framework_of_Leveraging_Shared_and_Private_CVPR_2026_paper.pdf,"RGB-Event object detection is able to capture clear and detailed features of the target while maintaining high-speed information collection. It is suitable for high dynamic or harsh environments and has become a research hotspot in recent years. The existing RGB-Event object detectors all struggle to fully utilize the fusion features of two modalities, but do not explicitly disentangle shared vs. private features to dedicated branches. To fully tap into the potential of single features, we propose a frequency-domain coherence-based Shared and Private Features Decoupling method for RGB-Event object detection, SPFD network. First, we design a FCFS module to separate shared and private features by exploring the spectral energy distribution differences between dual modalities. Then, we design a TriAdapt Encoder to process the shared and private features, selectively emphasizing texture-rich RGB features in static regions and motion-sensitive event features in dynamic regions, thereby achieving a robust balance between spatial detail and temporal awareness. Finally, a TriInject Decoder is proposed to emphasize the most discriminative modality features dynamically. Experimental results on the DSEC-Det and PKU-DAVIS-SOD datasets demonstrate that our model achieves competitive performance with state-of-the-art methods.",rgb-event visual-event context,Official abstract/page strictly confirms event-camera/DVS/visual-event-sensor evidence; no clear SNN evidence found.,01-papers-by-conference/CVPR2026/B/2026-CVPR-B-beyond-duality-a-hybrid-framework-of-leveraging-shared-and-private-features-for-rgb-event-.md,strict two-stage rescan; official abstract/page inspected; needs human verification
CVPR2026-2519,Stable Spike: Dual Consistency Optimization via Bitwise AND Operations for Spiking Neural Networks,Yongqi Ding; Kunshan Yang; Linze Li; Yiyang Zhang; Mengmeng Jing; Lin Zuo,CVPR,2026,C,SNN,https://openaccess.thecvf.com/content/CVPR2026/html/Ding_Stable_Spike_Dual_Consistency_Optimization_via_Bitwise_AND_Operations_for_CVPR_2026_paper.html,https://openaccess.thecvf.com/content/CVPR2026/papers/Ding_Stable_Spike_Dual_Consistency_Optimization_via_Bitwise_AND_Operations_for_CVPR_2026_paper.pdf,"Although the temporal spike dynamics of spiking neural networks (SNNs) enable low-power temporal capture capabilities, they also incur inherent inconsistencies that severely compromise representation. In this paper, we perform dual consistency optimization via Stable Spike to mitigate this problem, thereby improving the recognition performance of SNNs. With the hardware-friendly ""AND"" bit operation, we efficiently decouple the stable spike skeleton from the multi-timestep spike maps, which captures critical semantics and reduces the inconsistency from variable noise spikes. Enforcing the unstable spike maps to converge to the stable spike skeleton significantly improves the inherent consistency across timesteps. Furthermore, we inject amplitude-aware spike noise into the stable spike skeleton to diversify the representations while preserving consistent semantics. The SNN is encouraged to produce perturbation-consistent predictions, thereby contributing to generalization. Extensive experiments across multiple architectures and datasets validate the effectiveness and versatility of our method. In particular, our method significantly advances neuromorphic object recognition under ultra-low latency, improving accuracy by up to 8.33%. This will help unlock the full power consumption and speed potential of SNNs.",spiking neural networks; snns,Official abstract/page strictly confirms SNN/spiking neural computation; no clear event-camera/DVS evidence found.,01-papers-by-conference/CVPR2026/C/2026-CVPR-C-stable-spike-dual-consistency-optimization-via-bitwise-and-operations-for-spiking-neural-n.md,strict two-stage rescan; official abstract/page inspected; needs human verification
CVPR2026-2682,From Contrast to Consistency: Rethinking Event-based Continuous-Time Optical Flow Estimation,Rui Hu; Song Wu; Wen Yang; Jinjian Wu,CVPR,2026,B,Event Camera,https://openaccess.thecvf.com/content/CVPR2026/html/Hu_From_Contrast_to_Consistency_Rethinking_Event-based_Continuous-Time_Optical_Flow_Estimation_CVPR_2026_paper.html,https://openaccess.thecvf.com/content/CVPR2026/papers/Hu_From_Contrast_to_Consistency_Rethinking_Event-based_Continuous-Time_Optical_Flow_Estimation_CVPR_2026_paper.pdf,"Estimating continuous optical flow is a fundamental yet challenging problem in dynamic visual perception. Event-based cameras, with microsecond latency and high dynamic range, capture brightness changes asynchronously, offering a unique opportunity to model motion with fine temporal precision. However, the scarcity of temporally dense ground-truth annotations limits the effectiveness of supervised learning, while contrast maximization (CM) frameworks, focused on sharpening the Image of Warped Events (IWE), often neglect temporal continuity and structural coherence, leading to distorted trajectories under complex motion.To overcome these challenges, we propose a hybrid-supervised framework for continuous-time optical flow estimation, grounded in the principle of Spatio-temporal Structural Consistency (STSC). This paradigm jointly enforces local structural stability and trajectory continuity, ensuring physically coherent motion across time. To further enhance representation and robustness, we design a bidirectionally complementary multi-scale architecture and employ a curriculum-guided hybrid training strategy, enabling a smooth transition from supervised point constraints to self-supervised manifold regularization.Comprehensive experiments across multiple benchmarks show that our method achieves state-of-the-art performance in both continuous-time and standard optical flow estimation, demonstrating the effectiveness of the proposed learning paradigm.",event-based cameras; brightness change visual-event context; event-based with event-camera context,Official abstract/page strictly confirms event-camera/DVS/visual-event-sensor evidence; no clear SNN evidence found.,01-papers-by-conference/CVPR2026/B/2026-CVPR-B-from-contrast-to-consistency-rethinking-event-based-continuous-time-optical-flow-estimatio.md,strict two-stage rescan; official abstract/page inspected; needs human verification
CVPR2026-2918,EventGait: Towards Robust Gait Recognition with Event Streams,Senyan Xu; Shuai Chen; Chuanfu Shen; Kean Liu; Zhijing Sun; Chengzhi Cao; Xueyang Fu,CVPR,2026,A,SNN + Event Camera,https://openaccess.thecvf.com/content/CVPR2026/html/Xu_EventGait_Towards_Robust_Gait_Recognition_with_Event_Streams_CVPR_2026_paper.html,https://openaccess.thecvf.com/content/CVPR2026/papers/Xu_EventGait_Towards_Robust_Gait_Recognition_with_Event_Streams_CVPR_2026_paper.pdf,"Gait recognition enables non-intrusive, privacy-preserving identification but suffers in uncontrolled environments due to illumination and motion sensitivity in conventional cameras. In this work, we explore gait recognition using event cameras, which offer microsecond temporal resolution and high dynamic range, naturally capturing robust dynamic cues and suppressing static noise. Existing event-based approaches typically aggregate event streams into event images over long time windows, thereby discarding fine-grained motion dynamics critical for gait recognition. Therefore, we propose EventGait, an end-to-end dual-stream framework that separately models motion and shape while preserving the advantages of events. Our dynamic stream leverages a Mixture of Spiking Experts (MoSE) with diverse neuron constants for robust dynamic perception across complex motion and illumination scenes, while the static stream learns dense shape representations via Cross-modal Structural Alignment (CroSA) with large vision foundation models. To address the absence of large-scale event-based gait datasets, we introduce a synthesis pipeline and release two new benchmarks: SUSTech1K-E and CCGR-Mini-E. Extensive experiments have shown that event-based gait recognition not only achieves results comparable to camera-based gait recognition under normal conditions but also significantly outperforms it in low-light scenarios. Our approach sets a new state of the art on both synthesized and real-world event-based gait benchmarks, highlighting the robustness and potential of event-driven gait analysis. The code and datasets are released at https://github.com/QUEAHREN/EventGait.",event cameras; event camera visual-event context; event stream with event-camera context; mixture of spiking experts; LIF neurons,"Full-text boundary audit confirms event-camera input and a method-level SNN component: the dynamic stream uses LIF neurons, Mixture of Spiking Experts, and a spiking gating network.",01-papers-by-conference/CVPR2026/A/2026-CVPR-A-eventgait-towards-robust-gait-recognition-with-event-streams.md,strict two-stage rescan; official abstract/page inspected; full-text core audit verified the MoSE dynamic stream and LIF equations
CVPR2026-2929,Rethinking SNN Online Training and Deployment: Gradient-Coherent Learning via Hybrid-Driven LIF Model,Zecheng Hao; Yifan Huang; Zijie Xu; Wenxuan Liu; Yuanhong Tang; Zhaofei Yu; Tiejun Huang,CVPR,2026,C,SNN,https://openaccess.thecvf.com/content/CVPR2026/html/Hao_Rethinking_SNN_Online_Training_and_Deployment_Gradient-Coherent_Learning_via_Hybrid-Driven_CVPR_2026_paper.html,https://openaccess.thecvf.com/content/CVPR2026/papers/Hao_Rethinking_SNN_Online_Training_and_Deployment_Gradient-Coherent_Learning_via_Hybrid-Driven_CVPR_2026_paper.pdf,"Spiking Neural Networks (SNNs) are considered to have enormous potential in the future development of Artificial Intelligence due to their brain-inspired and energy-efficient properties. Compared to vanilla Spatial-Temporal Back-propagation (STBP) training methods, online training can effectively avoid the risk of GPU memory explosion. However, current online learning frameworks cannot tackle the gradient discrepancy problem between the forward and backward process, merely aiming to optimize the GPU memory, resulting in no performance advantages compared to the STBP-based models in the inference stage. To address the aforementioned challenges, we propose Hybrid-Driven Leaky Integrate-and-Fire (HD-LIF) model family for efficient online learning, which respectively adopt different spiking calculation mechanism in the upper-region and lower-region of the firing threshold. We theoretically point out that our learning framework can effectively separate temporal gradients and address the misalignment problem of surrogate gradients, as well as achieving full-stage optimization towards learning precision, memory footprint and power consumption. Experimental results have demonstrated that our scheme is enable to achieve state-of-the-art performance for multiple evaluation metrics, breaking through the traditional paradigm of SNN online training and deployment. Code is available at https://github.com/hzc1208/HD_LIF.",spiking neural networks; snns; leaky integrate-and-fire; integrate-and-fire; lif; surrogate gradients,Official abstract/page strictly confirms SNN/spiking neural computation; no clear event-camera/DVS evidence found.,01-papers-by-conference/CVPR2026/C/2026-CVPR-C-rethinking-snn-online-training-and-deployment-gradient-coherent-learning-via-hybrid-driven.md,strict two-stage rescan; official abstract/page inspected; needs human verification
CVPR2026-3157,"DSERT-RoLL: Robust Multi-Modal Perception for Diverse Driving Conditions with Stereo Event-RGB-Thermal Cameras, 4D Radar, and Dual-LiDAR",Hoonhee Cho; Jae-Young Kang; Yuhwan Jeong; Yunseo Yang; Wonyoung Lee; Youngho Kim; Kuk-Jin Yoon,CVPR,2026,B,Event Camera,https://openaccess.thecvf.com/content/CVPR2026/html/Cho_DSERT-RoLL_Robust_Multi-Modal_Perception_for_Diverse_Driving_Conditions_with_Stereo_CVPR_2026_paper.html,https://openaccess.thecvf.com/content/CVPR2026/papers/Cho_DSERT-RoLL_Robust_Multi-Modal_Perception_for_Diverse_Driving_Conditions_with_Stereo_CVPR_2026_paper.pdf,"In this paper, we present DSERT-RoLL, a driving dataset that incorporates stereo event, RGB, and thermal cameras together with 4D radar and dual LiDAR, collected across diverse weather and illumination conditions. The dataset provides precise 2D and 3D bounding boxes with track IDs and ego vehicle odometry, enabling fair comparisons within and across sensor combinations. It is designed to alleviate data scarcity for novel sensors such as event cameras and 4D radar and to support systematic studies of their behavior. We establish unified 3D and 2D benchmarks that enable direct comparison of characteristics and strengths across sensor families and within each family. We report baselines for representative single modality and multimodal methods and provide protocols that encourage research on different fusion strategies and sensor combinations. In addition, we propose a fusion framework that integrates sensor specific cues into a unified feature space and improves 3D detection robustness under varied weather and lighting.",event cameras; event camera visual-event context; event cameras visual-event context; event-rgb visual-event context,Official abstract/page strictly confirms event-camera/DVS/visual-event-sensor evidence; no clear SNN evidence found.,01-papers-by-conference/CVPR2026/B/2026-CVPR-B-dsert-roll-robust-multi-modal-perception-for-diverse-driving-conditions-with-stereo-event-.md,strict two-stage rescan; official abstract/page inspected; needs human verification
CVPR2026-3162,Seeing Motion Through Polarity for Event-based Action Recognition,Meiqi Cao; Jiachao Zhang; Xin Jiang; Rui Yan; Yazhou Yao; Zechao Li; Xiangbo Shu,CVPR,2026,B,Event Camera,https://openaccess.thecvf.com/content/CVPR2026/html/Cao_Seeing_Motion_Through_Polarity_for_Event-based_Action_Recognition_CVPR_2026_paper.html,https://openaccess.thecvf.com/content/CVPR2026/papers/Cao_Seeing_Motion_Through_Polarity_for_Event-based_Action_Recognition_CVPR_2026_paper.pdf,"Event-based Action Recognition (EAR) provides a promising pathway for understanding dynamic behaviors under challenging conditions. Recent progress in vision-language models has introduced a cross-modal learning paradigm into EAR, enabling models to associate event streams with textual semantics for enhancing conceptual understanding. However, existing methods typically overlook the intrinsic polarity-driven motion cues that are fundamental to event data, leading to suboptimal spatiotemporal representations. To address this limitation, we propose a POlarity Knowledge Enhanced framework (POKER), which explicitly incorporates event polarity-aware motion knowledge across visual and textual modalities.POKER consists of two synergistic components: Polarity Motion Capturer (PMC) and Polarity Motion Reasoner (PMR). Specifically, PMC decouples positive and negative polarities to capture polarity-sensitive motion cues, while PMR semantically analyzes polarity-induced motion dynamics via large language models. Through the polarity alignment, POKER couples semantic reasoning with visual dynamics, achieving more discriminative representations. Extensive experiments on multiple benchmarks demonstrate that POKER enhances performance across diverse event representations.",event-based action visual-event context; event stream with event-camera context; event-based with event-camera context,Official abstract/page strictly confirms event-camera/DVS/visual-event-sensor evidence; no clear SNN evidence found.,01-papers-by-conference/CVPR2026/B/2026-CVPR-B-seeing-motion-through-polarity-for-event-based-action-recognition.md,strict two-stage rescan; official abstract/page inspected; needs human verification
CVPR2026-3330,x^2-Fusion: Cross-Modality and Cross-Dimension Flow Estimation in Event Edge Space,Ruishan Guo; Ciyu Ruan; Haoyang Wang; Zihang Gong; Jingao Xu; Xinlei Chen,CVPR,2026,B,Event Camera,https://openaccess.thecvf.com/content/CVPR2026/html/Guo_x2-Fusion_Cross-Modality_and_Cross-Dimension_Flow_Estimation_in_Event_Edge_Space_CVPR_2026_paper.html,https://openaccess.thecvf.com/content/CVPR2026/papers/Guo_x2-Fusion_Cross-Modality_and_Cross-Dimension_Flow_Estimation_in_Event_Edge_Space_CVPR_2026_paper.pdf,"Estimating dense 2D optical flow and 3D scene flow is essential for dynamic scene understanding. Recent work combines images, LiDAR, and event data to jointly predict 2D and 3D motion, yet most approaches operate in separate heterogeneous feature spaces. Without a shared latent space that all modalities can align to, these systems rely on multiple modality-specific blocks, leaving cross-sensor mismatches unresolved and making fusion unnecessarily complex. Event cameras naturally provide a spatiotemporal edge signal, which we can treat as an intrinsic edge field to anchor a unified latent representation, termed the Event Edge Space. Building on this idea, we introduce x^2-Fusion, which reframes multimodal fusion as representation unification: event-derived spatiotemporal edges define an edge-centric homogeneous space, and image and LiDAR features are explicitly aligned in this shared representation. Within this space, we perform reliability-aware adaptive fusion to estimate modality reliability and emphasize stable cues under degradation. We further employ cross-dimension contrast learning to tightly couple 2D optical flow with 3D scene flow. Extensive experiments on both synthetic and real benchmarks show that x^2-Fusion achieves state-of-the-art accuracy under standard conditions and delivers substantial improvements in challenging scenarios.",event cameras; event camera visual-event context; event cameras visual-event context,Official abstract/page strictly confirms event-camera/DVS/visual-event-sensor evidence; no clear SNN evidence found.,01-papers-by-conference/CVPR2026/B/2026-CVPR-B-x-2-fusion-cross-modality-and-cross-dimension-flow-estimation-in-event-edge-space.md,strict two-stage rescan; official abstract/page inspected; needs human verification
CVPR2026-3419,Event-Based Motion Deblurring Using Task-Oriented 3D Gaussian Event Representations,Shengdong Xue; Haoxiang Ma; Hao Chen; Zhen Yang; Yongjian Deng,CVPR,2026,B,Event Camera,https://openaccess.thecvf.com/content/CVPR2026/html/Xue_Event-Based_Motion_Deblurring_Using_Task-Oriented_3D_Gaussian_Event_Representations_CVPR_2026_paper.html,https://openaccess.thecvf.com/content/CVPR2026/papers/Xue_Event-Based_Motion_Deblurring_Using_Task-Oriented_3D_Gaussian_Event_Representations_CVPR_2026_paper.pdf,"Event-based motion deblurring has attracted increasing attention, as the high temporal resolution of event cameras provides motion cues unavailable to conventional RGB sensors, thereby enabling more effective deblurring. In real-world scenes, motion blur is often complex and nonlinear, with different regions exhibiting diverse motion speeds and directions. However, most existing approaches rely on handcrafted event representations that overlook such spatiotemporal motion heterogeneity, resulting in suboptimal deblurring performance. To address this limitation, we propose a learnable 3D Gaussian event representation module that adaptively selects key spatiotemporal coordinates for deblurring based on the blurred image content and the event density distribution. The event stream is then aggregated with 3D Gaussian weighting kernels to extract local motion features that are sensitive to motion direction and speed. Furthermore, to fully exploit the motion information encoded in the event representation, we adopt a two-stage fusion strategy. In the first stage, local motion features are used to enhance fine detail restoration. In the second stage, a bidirectional attention fusion module leverages one-dimensional Gaussian-weighted event frames to correct global spatial misalignment, leading to more accurate structural alignment. Extensive experiments on both synthetic and real-world datasets demonstrate the effectiveness of our method and show that it consistently outperforms state-of-the-art approaches.",event cameras; event camera visual-event context; event cameras visual-event context; event-based motion visual-event context; event stream with event-camera context; event-based with event-camera context,Official abstract/page strictly confirms event-camera/DVS/visual-event-sensor evidence; no clear SNN evidence found.,01-papers-by-conference/CVPR2026/B/2026-CVPR-B-event-based-motion-deblurring-using-task-oriented-3d-gaussian-event-representations.md,strict two-stage rescan; official abstract/page inspected; needs human verification
CVPR2026-3426,Reconstructing Spiking Neural Networks Using a Single Neuron with Autapses,Wuque Cai; Hongze Sun; Quan Tang; Shifeng Mao; Zhenxing Wang; Jiayi He; Duo Chen; Dezhong Yao; Daqing Guo,CVPR,2026,C,SNN,https://openaccess.thecvf.com/content/CVPR2026/html/Cai_Reconstructing_Spiking_Neural_Networks_Using_a_Single_Neuron_with_Autapses_CVPR_2026_paper.html,https://openaccess.thecvf.com/content/CVPR2026/papers/Cai_Reconstructing_Spiking_Neural_Networks_Using_a_Single_Neuron_with_Autapses_CVPR_2026_paper.pdf,"Spiking neural networks (SNNs) are promising for neuromorphic computing, but high-performing models still rely on dense multilayer architectures with substantial communication and state-storage costs. Inspired by autapses, we propose TDA-SNN, a framework that reconstructs SNN architectures using a single leaky integrate-and-fire neuron with time-delayed autapses and a prototype-learning-based training strategy. By reorganizing internal temporal states, TDA-SNN can realize reservoir, multilayer perceptron, and convolution-like spiking architectures within a unified framework. Experiments on sequential, event-based, and image benchmarks show competitive performance in reservoir and MLP settings, while convolutional results reveal a clear space--time trade-off. Compared with standard SNNs, TDA-SNN greatly reduces neuron count and state memory while increasing per-neuron information capacity, at the cost of additional temporal latency in extreme single-neuron settings. These findings highlight the potential of temporally multiplexed single-neuron models as compact computational units for brain-inspired computing.",spiking neural networks; snns; leaky integrate-and-fire; integrate-and-fire,Official abstract/page strictly confirms SNN/spiking neural computation; no clear event-camera/DVS evidence found.,01-papers-by-conference/CVPR2026/C/2026-CVPR-C-reconstructing-spiking-neural-networks-using-a-single-neuron-with-autapses.md,strict two-stage rescan; official abstract/page inspected; needs human verification
CVPR2026-3465,AIMDepth: Asymmetric Image-Event Mamba for Monocular Depth Estimation,Luoxi Jing; Dianxi Shi; Yushe Cao; Yuanze Wang; Junze Zhang; Yuning Cui; Mengzhu Wang,CVPR,2026,B,Event Camera,https://openaccess.thecvf.com/content/CVPR2026/html/Jing_AIMDepth_Asymmetric_Image-Event_Mamba_for_Monocular_Depth_Estimation_CVPR_2026_paper.html,https://openaccess.thecvf.com/content/CVPR2026/papers/Jing_AIMDepth_Asymmetric_Image-Event_Mamba_for_Monocular_Depth_Estimation_CVPR_2026_paper.pdf,"Monocular depth estimation is essential for applications such as robotics. The complementary characteristics of event and image modalities have inspired fusion-based methods for robust depth estimation. However, existing methods rely on convolutional or attention-based architectures, which either have limited capacity for long-range modeling or incur high computational cost, making them less suitable for depth estimation over long sequences. Moreover, effective image-event fusion remains challenging, since most methods directly fuse features without addressing the domain gap and representational differences between raw events and images, resulting in semantic bias and degraded performance. In this work, we propose AIMDepth, an Asymmetric Image-Event Mamba framework for monocular depth estimation, built on state space models for linear complexity and accurate prediction. To alleviate input-domain misalignment, we introduce a Spectral Cross-modal Prior Guidance (SCPG) for bidirectional prior injection at the input level. To reduce the imbalance between sparse events and dense images, we design an asymmetric modal-aware Encoder (AME) with separate encoding paths and feature-level alignment. We further develop a Modality-interactive Local Refinement (ModiLocal) to enable hierarchical interaction and fine-grained alignment. Experiments on public datasets show that AIMDepth achieves state-of-the-art performance in complex environments.",image-event visual-event context; raw events visual-event context,Official abstract/page strictly confirms event-camera/DVS/visual-event-sensor evidence; no clear SNN evidence found.,01-papers-by-conference/CVPR2026/B/2026-CVPR-B-aimdepth-asymmetric-image-event-mamba-for-monocular-depth-estimation.md,strict two-stage rescan; official abstract/page inspected; needs human verification
CVPR2026-3561,DarkShake-DVS: Event-based Human Action Recognition under Low-light and Shaking Camera Conditions,Jiaqi Chen; Qinfu Xu; Liyuan Pan,CVPR,2026,B,Event Camera,https://openaccess.thecvf.com/content/CVPR2026/html/Chen_DarkShake-DVS_Event-based_Human_Action_Recognition_under_Low-light_and_Shaking_Camera_CVPR_2026_paper.html,https://openaccess.thecvf.com/content/CVPR2026/papers/Chen_DarkShake-DVS_Event-based_Human_Action_Recognition_under_Low-light_and_Shaking_Camera_CVPR_2026_paper.pdf,"Human Action Recognition (HAR) is a fundamental computer vision task with diverse real-world applications. Practical deployments often involve low-light environments and unconstrained 6-DoF camera motion, conditions that degrade visual quality, disrupt temporal coherence, and compromise reliability of existing methods. Event cameras, with high low-light sensitivity and microsecond-level temporal resolution, paired with an inertial measurement unit (IMU), present a promising solution. However, current research faces two key challenges: absence of a benchmark integrating low-light conditions, 6-DoF motion, and synchronized IMU data; and lack of effective motion compensation techniques. To address these, we propose Event-IMU Stabilized HAR (EIS-HAR), with two modules. The first is an EIS module that reduces motion blur via a non-linear warping function to reconstruct a motion-compensated input. The second is a HAR module with a four-stage hybrid architecture to efficiently extract spatiotemporal features for accurate action recognition. To alleviate data scarcity, we introduce DarkShake-DVS, the first large-scale event-based HAR benchmark that includes 18,041 real-world clips captured in low light and intense 6-DoF motion, supplemented by synchronized IMU data. Extensive experiments on three datasets demonstrate consistent superiority of EIS-HAR over state-of-the-art methods.",event cameras; dvs; event camera visual-event context; event cameras visual-event context; dvs visual-event context; event-based with event-camera context,Official abstract/page strictly confirms event-camera/DVS/visual-event-sensor evidence; no clear SNN evidence found.,01-papers-by-conference/CVPR2026/B/2026-CVPR-B-darkshake-dvs-event-based-human-action-recognition-under-low-light-and-shaking-camera-cond.md,strict two-stage rescan; official abstract/page inspected; needs human verification
CVPR2026-3630,SDTrack: A Baseline for Event-based Tracking via Spiking Neural Networks,Yimeng Shan; Zhenbang Ren; Haodi Wu; Wenjie Wei; Rui-Jie Zhu; Shuai Wang; Dehao Zhang; Yichen Xiao; Jieyuan Zhang; Kexin Shi; Jingzhinan Wang; Jason K. Eshraghian; Haicheng Qu; Malu Zhang,CVPR,2026,A,SNN + Event Camera,https://openaccess.thecvf.com/content/CVPR2026/html/Shan_SDTrack_A_Baseline_for_Event-based_Tracking_via_Spiking_Neural_Networks_CVPR_2026_paper.html,https://openaccess.thecvf.com/content/CVPR2026/papers/Shan_SDTrack_A_Baseline_for_Event-based_Tracking_via_Spiking_Neural_Networks_CVPR_2026_paper.pdf,"Event cameras provide superior temporal resolution, dynamic range, energy efficiency, and pixel bandwidth. Spiking Neural Networks (SNNs) naturally complement event data through discrete spike signals, making them ideal for event-based tracking. However, current approaches combining Artificial Neural Networks (ANNs) and SNNs suffer from suboptimal architectures that compromise energy efficiency and limit tracking performance. To address these limitations, we propose the first Transformer-based Spike-Driven Tracking (SDTrack) pipeline. It incorporates a novel event frame aggregation method called Global Trajectory Prompt (GTP) and a Transformer-based tracker. The GTP method effectively captures global trajectory information and aggregates it with event streams into event frames to enhance spatiotemporal representation. The Transformer-based tracker comprises a fully spike-driven SNN backbone and a simple tracking head. The SDTrack pipeline operates end-to-end without data augmentation or post-processing. Extensive experiments demonstrate that our SDTrack-Tiny pipeline achieves competitive accuracy with only 19.61M parameters and 8.16mJ energy consumption, while our Base version achieves state-of-the-art accuracy across three datasets. Our work establishes a solid foundation for future neuromorphic vision research.",event cameras; event camera visual-event context; event cameras visual-event context; event stream with event-camera context; event-based with event-camera context; spiking neural networks; snns; spike-driven,Official abstract/page strictly confirms both event-camera/DVS/visual-event-sensor evidence and SNN/spiking neural computation.,01-papers-by-conference/CVPR2026/A/2026-CVPR-A-sdtrack-a-baseline-for-event-based-tracking-via-spiking-neural-networks.md,strict two-stage rescan; official abstract/page inspected; needs human verification
CVPR2026-3694,EventDrive: Event Cameras for Vision-Language Driving Intelligence,Dongyue Lu; Rong Li; Ao Liang; Lingdong Kong; Wei Yin; Lai Xing Ng; Benoit R. Cottereau; Camille Simon Chane; Wei Tsang Ooi,CVPR,2026,B,Event Camera,https://openaccess.thecvf.com/content/CVPR2026/html/Lu_EventDrive_Event_Cameras_for_Vision-Language_Driving_Intelligence_CVPR_2026_paper.html,https://openaccess.thecvf.com/content/CVPR2026/papers/Lu_EventDrive_Event_Cameras_for_Vision-Language_Driving_Intelligence_CVPR_2026_paper.pdf,"Event cameras sense the world through asynchronous brightness changes with microsecond latency and high dynamic range, offering motion fidelity far beyond frame-based sensors and capturing temporal structure that conventional exposures often miss. These properties make events a powerful complement to RGB in autonomous driving, especially under blur, glare, and rapid motion, where frame-based perception can become unreliable. However, existing event-aware vision-language models remain limited to generic perception and do not reveal how event sensing contributes to reasoning and decision-making across the full driving loop. We present EventDrive, a large-scale benchmark and model suite that unifies event streams, RGB frames, and language supervision across four core dimensions: Perception, Understanding, Prediction, and Planning, covering captions, structured QA, grounding, motion-state recognition, trajectory forecasting, and planning tasks. Building on this foundation, EventDrive-VLM introduces a multi-horizon event pyramid and a modality-routing mixture-of-experts to adaptively encode and fuse asynchronous and frame-based information for downstream reasoning. Comprehensive evaluation across diverse tasks shows that event streams provide substantial gains in temporal precision, motion awareness, and robustness, bringing event sensing into the center of driving intelligence.",event cameras; asynchronous brightness changes; event camera visual-event context; event cameras visual-event context; brightness change visual-event context; asynchronous brightness visual-event context; event stream with event-camera context,Official abstract/page strictly confirms event-camera/DVS/visual-event-sensor evidence; no clear SNN evidence found.,01-papers-by-conference/CVPR2026/B/2026-CVPR-B-eventdrive-event-cameras-for-vision-language-driving-intelligence.md,strict two-stage rescan; official abstract/page inspected; needs human verification
CVPR2026-3753,Learning to See through Illumination Extremes with Event Streaming in Multimodal Large Language Models,Baoheng Zhang; Jiahui Liu; Gui Zhao; Weizhou Zhang; Yixuan Ma; Jun Jiang; Yingxian Chen; Wilton W.T. Fok; Xiaojuan Qi; Hayden Kwok-Hay So,CVPR,2026,B,Event Camera,https://openaccess.thecvf.com/content/CVPR2026/html/Zhang_Learning_to_See_through_Illumination_Extremes_with_Event_Streaming_in_CVPR_2026_paper.html,https://openaccess.thecvf.com/content/CVPR2026/papers/Zhang_Learning_to_See_through_Illumination_Extremes_with_Event_Streaming_in_CVPR_2026_paper.pdf,"Multimodal Large Language Models (MLLMs) perform strong vision-language reasoning under standard conditions but fail in extreme illumination, where RGB inputs lose irrevocable structure and semantics. We propose Event-MLLM, an event-enhanced model that performs all-light visual reasoning by dynamically fusing event streams with RGB frames. Two key components drive our approach: an Illumination Indicator -- a learnable signal derived from a DINOv2 branch that represents exposure degradation and adaptively modulates event-RGB fusion -- and an Illumination Correction Loss that aligns fused features with non-degraded (normal-light) semantics in the latent space, compensating for information lost in extreme lighting. We curate the first multi-illumination event-instruction corpus for MLLMs, with 2,241 event-RGB samples (around 6 QA pairs each) across diverse scenes and 17 brightness rates (0.05x - 20x), plus an instruct-following benchmark for reasoning, counting, and fine-grained recognition under extreme lighting. Experiments show that Event-MLLM markedly outperforms general-purpose, illumination-adaptive, and event-only baselines, setting a new state of the art in robust multimodal perception and reasoning under challenging illumination.",event-rgb visual-event context; event stream with event-camera context,Official abstract/page strictly confirms event-camera/DVS/visual-event-sensor evidence; no clear SNN evidence found.,01-papers-by-conference/CVPR2026/B/2026-CVPR-B-learning-to-see-through-illumination-extremes-with-event-streaming-in-multimodal-large-lan.md,strict two-stage rescan; official abstract/page inspected; needs human verification
CVPR2026-4013,ARES: Unifying Asymmetric RGB-Event Stereo for Probabilistic Scene Flow Estimation,Jie Long Lee; Gim Hee Lee,CVPR,2026,B,Event Camera,https://openaccess.thecvf.com/content/CVPR2026/html/Lee_ARES_Unifying_Asymmetric_RGB-Event_Stereo_for_Probabilistic_Scene_Flow_Estimation_CVPR_2026_paper.html,https://openaccess.thecvf.com/content/CVPR2026/papers/Lee_ARES_Unifying_Asymmetric_RGB-Event_Stereo_for_Probabilistic_Scene_Flow_Estimation_CVPR_2026_paper.pdf,"Estimating dense three dimensional motion in dynamic high speed scenes remains challenging due to motion blur, illumination variation, and the limited temporal resolution of conventional cameras. We introduce ARES, a unified framework for Asymmetric RGB-Event Stereo that addresses these issues through a hybrid setup where an event camera captures fine grained temporal dynamics and an RGB camera provides rich spatial structure. To integrate these heterogeneous modalities, we propose Multimodal Contextual Attention, a transformer based fusion mechanism that attends to spatial and temporal contexts under cross view constraints and forms a unified correspondence space for disparity and optical flow estimation. Building on this shared representation, we introduce Temporal Disparity Posterior Fusion, a probabilistic framework that models the evolution of disparity posteriors to infer disparity change and recover metrically coherent scene flow. Trained with sparse supervision and dense self consistency cues, our ARES achieves geometrically consistent and temporally stable three dimensional motion estimation across diverse driving scenarios. Experiments show that ARES attains state of the art performance in scene flow estimation among RGB-event stereo methods, establishing a principled path toward unified asymmetric multimodal stereo sensing. Code available at the project website.",event cameras; event camera visual-event context; rgb-event visual-event context,Official abstract/page strictly confirms event-camera/DVS/visual-event-sensor evidence; no clear SNN evidence found.,01-papers-by-conference/CVPR2026/B/2026-CVPR-B-ares-unifying-asymmetric-rgb-event-stereo-for-probabilistic-scene-flow-estimation.md,strict two-stage rescan; official abstract/page inspected; needs human verification
