id,title,authors,conference,year,level,category,pdf_link,official_page,card_path,notes
ECCV2024-0096,Asynchronous Bioplausible Neuron for Spiking Neural Networks for Event-Based Vision,Hussain Sajwani; Dimitrios Makris; Yahya Zweiri; Fariborz Baghaei Naeini; Sanket Mr Kachole,ECCV,2024,A,SNN + Event Camera,https://www.ecva.net/papers/eccv_2024/papers_ECCV/papers/08133.pdf,https://eccv.ecva.net/virtual/2024/poster/1172,01-papers-by-conference/ECCV2024/A/2024-ECCV-A-asynchronous-bioplausible-neuron-for-spiking-neural-networks-for-event-based-vision.md,Official abstract and targeted PDF check confirm SNNs evaluated on event-camera datasets including DVS128 Gesture and CIFAR10-DVS.
ECCV2024-1168,EAS-SNN: End-to-End Adaptive Sampling and Representation for Event-based Detection with Recurrent Spiking Neural Networks,Ziming Wang; Ziling Wang; Huaning Li; Lang Qin; Runhao Jiang; De Ma; Huajin Tang,ECCV,2024,A,SNN + Event Camera,https://www.ecva.net/papers/eccv_2024/papers_ECCV/papers/07766.pdf,https://eccv.ecva.net/virtual/2024/poster/711,01-papers-by-conference/ECCV2024/A/2024-ECCV-A-eas-snn-end-to-end-adaptive-sampling-and-representation-for-event-based-detection-with-rec.md,Official abstract confirms event cameras and recurrent spiking neural networks for event-based detection.
ECCV2024-1740,Exploring Vulnerabilities in Spiking Neural Networks: Direct Adversarial Attacks on Raw Event Data,Yanmeng Yao; Xiaohan Zhao; Bin Gu,ECCV,2024,A,SNN + Event Camera,https://www.ecva.net/papers/eccv_2024/papers_ECCV/papers/09164.pdf,https://eccv.ecva.net/virtual/2024/poster/1447,01-papers-by-conference/ECCV2024/A/2024-ECCV-A-exploring-vulnerabilities-in-spiking-neural-networks-direct-adversarial-attacks-on-raw-eve.md,Official abstract confirms DVS/event-based sensors combined with SNNs for adversarial attacks.
ECCV2024-1737,REDIR: Refocus-free Event-based De-occlusion Image Reconstruction,Qi Guo; Hailong Shi; Huan Li; Jinsheng Xiao; Xingyu Gao,ECCV,2024,A,SNN + Event Camera,https://www.ecva.net/papers/eccv_2024/papers_ECCV/papers/10433.pdf,https://eccv.ecva.net/virtual/2024/poster/2118,01-papers-by-conference/ECCV2024/A/2024-ECCV-A-redir-refocus-free-event-based-de-occlusion-image-reconstruction.md,Official abstract confirms pure event streams/event data and an SNN block for de-occlusion reconstruction.
ECCV2024-1778,Spike-Temporal Latent Representation for Energy-Efficient Event-to-Video Reconstruction,Jianxiong Tang; Jian-Huang Lai; Lingxiao Yang; Xiaohua Xie,ECCV,2024,A,SNN + Event Camera,https://www.ecva.net/papers/eccv_2024/papers_ECCV/papers/05843.pdf,https://eccv.ecva.net/virtual/2024/poster/1446,01-papers-by-conference/ECCV2024/A/2024-ECCV-A-spike-temporal-latent-representation-for-energy-efficient-event-to-video-reconstruction.md,Official abstract confirms event-to-video reconstruction from neuromorphic event streams using cascaded SNNs.
ECCV2024-1943,3D Hand Sequence Recovery from Real Blurry Images and Event Stream,Joonkyu Park; Gyeongsik Moon; Weipeng Xu; Evan Kaseman; Takaaki Shiratori; Kyoung Mu Lee,ECCV,2024,B,Event Camera,https://www.ecva.net/papers/eccv_2024/papers_ECCV/papers/07674.pdf,https://eccv.ecva.net/virtual/2024/poster/620,01-papers-by-conference/ECCV2024/B/2024-ECCV-B-3d-hand-sequence-recovery-from-real-blurry-images-and-event-stream.md,Official abstract confirms blurry images plus event stream for 3D hand recovery; no clear SNN evidence.
ECCV2024-0527,BeNeRF:Neural Radiance Fields from a Single Blurry Image and Event Stream,Wenpu Li; Pian Wan; Peng Wang; Jinghang Li; Yi Zhou; Peidong Liu,ECCV,2024,B,Event Camera,https://www.ecva.net/papers/eccv_2024/papers_ECCV/papers/04596.pdf,https://eccv.ecva.net/virtual/2024/poster/553,01-papers-by-conference/ECCV2024/B/2024-ECCV-B-benerf-neural-radiance-fields-from-a-single-blurry-image-and-event-stream.md,Official abstract confirms single blurry image plus event stream for NeRF; no clear SNN evidence.
ECCV2024-1631,DailyDVS-200: A Comprehensive Benchmark Dataset for Event-Based Action Recognition,Qi Wang; Zhou Xu; Yuming Lin; Jingtao Ye; Hongsheng Li; Guangming Zhu; Syed Afaq Ali Shah; Mohammed Bennamoun; Liang Zhang,ECCV,2024,B,Event Camera,https://www.ecva.net/papers/eccv_2024/papers_ECCV/papers/11182.pdf,https://eccv.ecva.net/virtual/2024/poster/330,01-papers-by-conference/ECCV2024/B/2024-ECCV-B-dailydvs-200-a-comprehensive-benchmark-dataset-for-event-based-action-recognition.md,Official abstract confirms event cameras and DailyDVS-200 event-based action recognition dataset; no clear SNN evidence.
ECCV2024-1591,Efficient Learning of Event-based Dense Representation using Hierarchical Memories with Adaptive Update,Uday Kamal; Saibal Mukhopadhyay,ECCV,2024,B,Event Camera,https://www.ecva.net/papers/eccv_2024/papers_ECCV/papers/10733.pdf,https://eccv.ecva.net/virtual/2024/poster/650,01-papers-by-conference/ECCV2024/B/2024-ECCV-B-efficient-learning-of-event-based-dense-representation-using-hierarchical-memories-with-ad.md,Official abstract confirms event-based camera/event streams and dense event representation; no clear SNN evidence.
ECCV2024-0732,Event Camera Data Dense Pre-training,Yan Yang; Liyuan Pan; Liu liu,ECCV,2024,B,Event Camera,https://www.ecva.net/papers/eccv_2024/papers_ECCV/papers/05986.pdf,https://eccv.ecva.net/virtual/2024/poster/1466,01-papers-by-conference/ECCV2024/B/2024-ECCV-B-event-camera-data-dense-pre-training.md,Official abstract confirms event camera data dense pre-training; no clear SNN evidence.
ECCV2024-0903,Event Trojan: Asynchronous Event-based Backdoor Attacks,Ruofei Wang; Qing Guo; Haoliang Li; Renjie Wan,ECCV,2024,B,Event Camera,https://www.ecva.net/papers/eccv_2024/papers_ECCV/papers/01155.pdf,https://eccv.ecva.net/virtual/2024/poster/2700,01-papers-by-conference/ECCV2024/B/2024-ECCV-B-event-trojan-asynchronous-event-based-backdoor-attacks.md,Auxiliary title hit; official abstract confirms poisoning event data streams; no clear SNN evidence.
ECCV2024-1094,Event-Based Motion Magnification,Yutian Chen; Shi Guo; Yu Fangzheng; Feng Zhang; Jinwei Gu; Tianfan Xue,ECCV,2024,B,Event Camera,https://www.ecva.net/papers/eccv_2024/papers_ECCV/papers/07601.pdf,https://eccv.ecva.net/virtual/2024/poster/1002,01-papers-by-conference/ECCV2024/B/2024-ECCV-B-event-based-motion-magnification.md,Official abstract confirms event camera plus RGB dual-camera system for motion magnification; no clear SNN evidence.
ECCV2024-1102,Event-based Head Pose Estimation: Benchmark and Method,jiahui yuan; Hebei Li; Yansong Peng; Jin Wang; Yuheng Jiang; Yueyi Zhang; Xiaoyan Sun,ECCV,2024,B,Event Camera,https://www.ecva.net/papers/eccv_2024/papers_ECCV/papers/02323.pdf,https://eccv.ecva.net/virtual/2024/poster/227,01-papers-by-conference/ECCV2024/B/2024-ECCV-B-event-based-head-pose-estimation-benchmark-and-method.md,Official abstract confirms event cameras/event streams for head pose estimation; no clear SNN evidence.
ECCV2024-2092,Event-based Mosaicing Bundle Adjustment,Shuang Guo; Guillermo Gallego,ECCV,2024,B,Event Camera,https://www.ecva.net/papers/eccv_2024/papers_ECCV/papers/02142.pdf,https://eccv.ecva.net/virtual/2024/poster/1388,01-papers-by-conference/ECCV2024/B/2024-ECCV-B-event-based-mosaicing-bundle-adjustment.md,Official abstract confirms purely rotating event camera and event-based mosaicing bundle adjustment; no clear SNN evidence.
ECCV2024-1397,EventBind: Learning a Unified Representation to Bind Them All for Event-based Open-world Understanding,jiazhou zhou; Xu Zheng; Yuanhuiyi Lyu; LIN WANG,ECCV,2024,B,Event Camera,https://www.ecva.net/papers/eccv_2024/papers_ECCV/papers/08931.pdf,https://eccv.ecva.net/virtual/2024/poster/1119,01-papers-by-conference/ECCV2024/B/2024-ECCV-B-eventbind-learning-a-unified-representation-to-bind-them-all-for-event-based-open-world-un.md,Official abstract confirms event data and event-based recognition with N-Caltech101/N-ImageNet; no clear SNN evidence.
ECCV2024-0945,"FARSE-CNN: Fully Asynchronous, Recurrent and Sparse Event-Based CNN",Riccardo Santambrogio; Marco Cannici; Matteo Matteucci,ECCV,2024,B,Event Camera,https://www.ecva.net/papers/eccv_2024/papers_ECCV/papers/07037.pdf,https://eccv.ecva.net/virtual/2024/poster/1742,01-papers-by-conference/ECCV2024/B/2024-ECCV-B-farse-cnn-fully-asynchronous-recurrent-and-sparse-event-based-cnn.md,Auxiliary title hit; official abstract confirms event cameras and asynchronous sparse events; no clear SNN evidence.
ECCV2024-1083,Finding Meaning in Points: Weakly Supervised Semantic Segmentation for Event Cameras,Hoonhee Cho; Sung-Hoon Yoon; Hyeokjun Kweon; KUK-JIN YOON,ECCV,2024,B,Event Camera,https://www.ecva.net/papers/eccv_2024/papers_ECCV/papers/05674.pdf,https://eccv.ecva.net/virtual/2024/poster/391,01-papers-by-conference/ECCV2024/B/2024-ECCV-B-finding-meaning-in-points-weakly-supervised-semantic-segmentation-for-event-cameras.md,Official abstract confirms event cameras for weakly supervised semantic segmentation; no clear SNN evidence.
ECCV2024-0794,Motion Aware Event Representation-driven Image Deblurring,Zhijing Sun; Xueyang Fu; Longzhuo Huang; Aiping Liu; Zheng-Jun Zha,ECCV,2024,B,Event Camera,https://www.ecva.net/papers/eccv_2024/papers_ECCV/papers/06299.pdf,https://eccv.ecva.net/virtual/2024/poster/1001,01-papers-by-conference/ECCV2024/B/2024-ECCV-B-motion-aware-event-representation-driven-image-deblurring.md,Auxiliary title hit; official abstract confirms event cameras for image deblurring; no clear SNN evidence.
ECCV2024-0029,Motion and Structure from Event-based Normal Flow,Zhongyang Ren; Bangyan Liao; Delei Kong; Jinghang Li; Peidong Liu; Laurent Kneip; Guillermo Gallego; Yi Zhou,ECCV,2024,B,Event Camera,https://www.ecva.net/papers/eccv_2024/papers_ECCV/papers/07261.pdf,https://eccv.ecva.net/virtual/2024/poster/2480,01-papers-by-conference/ECCV2024/B/2024-ECCV-B-motion-and-structure-from-event-based-normal-flow.md,Official abstract confirms neuromorphic event-based cameras and raw event data; no clear SNN evidence.
ECCV2024-1884,Physical-Based Event Camera Simulator,Haiqian Han; Jiacheng Lyu; Jianing Li; Henglu Wei; Cheng Li; Yajing Wei; SHU CHEN; Xiangyang Ji,ECCV,2024,B,Event Camera,https://www.ecva.net/papers/eccv_2024/papers_ECCV/papers/06110.pdf,https://eccv.ecva.net/virtual/2024/poster/2117,01-papers-by-conference/ECCV2024/B/2024-ECCV-B-physical-based-event-camera-simulator.md,Official abstract confirms physical-based event camera simulator; no clear SNN evidence.
ECCV2024-0927,Temporal Residual Guided Diffusion Framework for Event-Driven Video Reconstruction,Lin Zhu; Yunlong Zheng; Yijun Zhang; Xiao Wang; Lizhi Wang; Hua Huang,ECCV,2024,B,Event Camera,https://www.ecva.net/papers/eccv_2024/papers_ECCV/papers/05690.pdf,https://eccv.ecva.net/virtual/2024/poster/1241,01-papers-by-conference/ECCV2024/B/2024-ECCV-B-temporal-residual-guided-diffusion-framework-for-event-driven-video-reconstruction.md,Auxiliary title hit; official abstract confirms event-based video reconstruction from event flow; no clear SNN evidence.
ECCV2024-2228,Temporal-Mapping Photography for Event Cameras,Yuhan Bao; Lei Sun; Yuqin Ma; Kaiwei Wang,ECCV,2024,B,Event Camera,https://www.ecva.net/papers/eccv_2024/papers_ECCV/papers/07171.pdf,https://eccv.ecva.net/virtual/2024/poster/1000,01-papers-by-conference/ECCV2024/B/2024-ECCV-B-temporal-mapping-photography-for-event-cameras.md,Official abstract confirms event cameras / DVS temporal-mapping photography; no clear SNN evidence.
ECCV2024-1636,TimeLens-XL: Real-time Event-based Video Frame Interpolation with Large Motion,Shi Guo; Yutian Chen; Tianfan Xue; Jinwei Gu; Yongrui Ma,ECCV,2024,B,Event Camera,https://www.ecva.net/papers/eccv_2024/papers_ECCV/papers/11208.pdf,https://eccv.ecva.net/virtual/2024/poster/1003,01-papers-by-conference/ECCV2024/B/2024-ECCV-B-timelens-xl-real-time-event-based-video-frame-interpolation-with-large-motion.md,Official abstract confirms event cameras for event-based video frame interpolation; no clear SNN evidence.
ECCV2024-1328,Towards Robust Event-based Networks for Nighttime via Unpaired Day-to-Night Event Translation,Yuhwan Jeong; Hoonhee Cho; KUK-JIN YOON,ECCV,2024,B,Event Camera,https://www.ecva.net/papers/eccv_2024/papers_ECCV/papers/08432.pdf,https://eccv.ecva.net/virtual/2024/poster/2482,01-papers-by-conference/ECCV2024/B/2024-ECCV-B-towards-robust-event-based-networks-for-nighttime-via-unpaired-day-to-night-event-translat.md,Official abstract confirms event cameras and event-to-event day-to-night translation; no clear SNN evidence.
ECCV2024-2318,Un-EVIMO: Unsupervised Event-based Independent Motion Segmentation,Ziyun Wang; Jinyuan Guo; Kostas Daniilidis,ECCV,2024,B,Event Camera,https://www.ecva.net/papers/eccv_2024/papers_ECCV/papers/02459.pdf,https://eccv.ecva.net/virtual/2024/poster/2115,01-papers-by-conference/ECCV2024/B/2024-ECCV-B-un-evimo-unsupervised-event-based-independent-motion-segmentation.md,Official abstract confirms event cameras for unsupervised independent motion segmentation; no clear SNN evidence.
ECCV2024-0858,BKDSNN: Enhancing the Performance of Learning-based Spiking Neural Networks Training with Blurred Knowledge Distillation,Zekai Xu; Kang You; Qinghai Guo; Xiang Wang; Zhezhi He,ECCV,2024,C,SNN,https://www.ecva.net/papers/eccv_2024/papers_ECCV/papers/06649.pdf,https://eccv.ecva.net/virtual/2024/poster/2655,01-papers-by-conference/ECCV2024/C/2024-ECCV-C-bkdsnn-enhancing-the-performance-of-learning-based-spiking-neural-networks-training-with-b.md,Official abstract confirms SNN training with surrogate gradients/knowledge distillation; no clear event-camera/DVS evidence.
ECCV2024-0564,Efficient Training of Spiking Neural Networks with Multi-Parallel Implicit Stream Architecture,Zhigao Cao; Meng Li; Xiashuang Wang; Haoyu Wang; Fan Wang; Youjun Li; Zigang Huang,ECCV,2024,C,SNN,https://www.ecva.net/papers/eccv_2024/papers_ECCV/papers/05068.pdf,https://eccv.ecva.net/virtual/2024/poster/1548,01-papers-by-conference/ECCV2024/C/2024-ECCV-C-efficient-training-of-spiking-neural-networks-with-multi-parallel-implicit-stream-architec.md,Official abstract confirms efficient SNN training; no clear event-camera/DVS evidence.
ECCV2024-1361,FTBC: Forward Temporal Bias Correction for Optimizing ANN-SNN Conversion,Xiaofeng Wu; Velibor Bojkovic; Bin Gu; Kun Suo; Kai Zou,ECCV,2024,C,SNN,https://www.ecva.net/papers/eccv_2024/papers_ECCV/papers/08702.pdf,https://eccv.ecva.net/virtual/2024/poster/437,01-papers-by-conference/ECCV2024/C/2024-ECCV-C-ftbc-forward-temporal-bias-correction-for-optimizing-ann-snn-conversion.md,Official abstract confirms ANN-SNN conversion optimization; no clear event-camera/DVS evidence.
ECCV2024-0537,Integer-Valued Training and Spike-driven Inference Spiking Neural Network for High-performance and Energy-efficient Object Detection,Xinhao Luo; Man Yao; Yuhong Chou; Bo Xu; Guoqi Li,ECCV,2024,C,SNN,https://www.ecva.net/papers/eccv_2024/papers_ECCV/papers/04704.pdf,https://eccv.ecva.net/virtual/2024/poster/150,01-papers-by-conference/ECCV2024/C/2024-ECCV-C-integer-valued-training-and-spike-driven-inference-spiking-neural-network-for-high-perform.md,Official abstract confirms SNN object detection; no clear event-camera/DVS evidence.
ECCV2024-1484,Spiking Wavelet Transformer,Yuetong Fang; Ziqing Wang; Lingfeng Zhang; Jiahang Cao; Honglei Chen; Renjing Xu,ECCV,2024,C,SNN,https://www.ecva.net/papers/eccv_2024/papers_ECCV/papers/09680.pdf,https://eccv.ecva.net/virtual/2024/poster/2545,01-papers-by-conference/ECCV2024/C/2024-ECCV-C-spiking-wavelet-transformer.md,Official abstract confirms Spiking Wavelet Transformer / SNN; no clear event-camera/DVS evidence.
ICCV2025-1894,SpiLiFormer: Enhancing Spiking Transformers with Lateral Inhibition,Zeqi Zheng; Yanchen Huang; Yingchao Yu; Zizheng Zhu; Junfeng Tang; Zhaofei Yu; Yaochu Jin,ICCV,2025,A,SNN + Event Camera,,https://openaccess.thecvf.com/content/ICCV2025/html/Zheng_SpiLiFormer_Enhancing_Spiking_Transformers_with_Lateral_Inhibition_ICCV_2025_paper.html,01-papers-by-conference/ICCV2025/A/2025-ICCV-A-spiliformer-enhancing-spiking-transformers-with-lateral-inhibition.md,Spiking Transformer paper; official abstract explicitly reports CIFAR10-DVS and N-Caltech101 event-camera benchmarks.
ICCV2025-0894,A Linear N-Point Solver for Structure and Motion from Asynchronous Tracks,Hang Su; Yunlong Feng; Daniel Gehrig; Panfeng Jiang; Ling Gao; Xavier Lagorce; Laurent Kneip,ICCV,2025,B,Event Camera,,https://openaccess.thecvf.com/content/ICCV2025/html/Su_A_Linear_N-Point_Solver_for_Structure_and_Motion_from_Asynchronous_ICCV_2025_paper.html,01-papers-by-conference/ICCV2025/B/2025-ICCV-B-a-linear-n-point-solver-for-structure-and-motion-from-asynchronous-tracks.md,Official title/abstract confirms event-camera/DVS/event-data evidence; no clear SNN evidence.
ICCV2025-0209,Asynchronous Event Error-Minimizing Noise for Safeguarding Event Dataset,Ruofei Wang; Peiqi Duan; Boxin Shi; Renjie Wan,ICCV,2025,B,Event Camera,,https://openaccess.thecvf.com/content/ICCV2025/html/Wang_Asynchronous_Event_Error-Minimizing_Noise_for_Safeguarding_Event_Dataset_ICCV_2025_paper.html,01-papers-by-conference/ICCV2025/B/2025-ICCV-B-asynchronous-event-error-minimizing-noise-for-safeguarding-event-dataset.md,Official title/abstract confirms event-camera/DVS/event-data evidence; no clear SNN evidence.
ICCV2025-0953,Continuous-Time Human Motion Field from Event Cameras,Ziyun Wang; Ruijun Zhang; Zi-Yan Liu; Yufu Wang; Kostas Daniilidis,ICCV,2025,B,Event Camera,,https://openaccess.thecvf.com/content/ICCV2025/html/Wang_Continuous-Time_Human_Motion_Field_from_Event_Cameras_ICCV_2025_paper.html,01-papers-by-conference/ICCV2025/B/2025-ICCV-B-continuous-time-human-motion-field-from-event-cameras.md,Official title/abstract confirms event-camera/DVS/event-data evidence; no clear SNN evidence.
ICCV2025-1940,Depth Any Event Stream: Enhancing Event-based Monocular Depth Estimation via Dense-to-Sparse Distillation,Jinjing Zhu; Tianbo Pan; Zidong Cao; Yexin Liu; James T. Kwok; Hui Xiong,ICCV,2025,B,Event Camera,,https://openaccess.thecvf.com/content/ICCV2025/html/Zhu_Depth_Any_Event_Stream_Enhancing_Event-based_Monocular_Depth_Estimation_via_ICCV_2025_paper.html,01-papers-by-conference/ICCV2025/B/2025-ICCV-B-depth-any-event-stream-enhancing-event-based-monocular-depth-estimation-via-dense-to-sparse-distilla.md,Official title/abstract confirms event-camera/DVS/event-data evidence; no clear SNN evidence.
ICCV2025-1798,Efficient Event Camera Data Pretraining with Adaptive Prompt Fusion,Quanmin Liang; Qiang Li; Shuai Liu; Xinzi Cao; Jinyi Lu; Feidiao Yang; Wei Zhang; Kai Huang; Yonghong Tian,ICCV,2025,B,Event Camera,,https://openaccess.thecvf.com/content/ICCV2025/html/Liang_Efficient_Event_Camera_Data_Pretraining_with_Adaptive_Prompt_Fusion_ICCV_2025_paper.html,01-papers-by-conference/ICCV2025/B/2025-ICCV-B-efficient-event-camera-data-pretraining-with-adaptive-prompt-fusion.md,Official title/abstract confirms event-camera/DVS/event-data evidence; no clear SNN evidence.
ICCV2025-1538,EvRT-DETR: Latent Space Adaptation of Image Detectors for Event-based Vision,Dmitrii Torbunov; Yihui Ren; Animesh Ghose; Odera Dim; Yonggang Cui,ICCV,2025,B,Event Camera,,https://openaccess.thecvf.com/content/ICCV2025/html/Torbunov_EvRT-DETR_Latent_Space_Adaptation_of_Image_Detectors_for_Event-based_Vision_ICCV_2025_paper.html,01-papers-by-conference/ICCV2025/B/2025-ICCV-B-evrt-detr-latent-space-adaptation-of-image-detectors-for-event-based-vision.md,Official title/abstract confirms event-camera/DVS/event-data evidence; no clear SNN evidence.
ICCV2025-0631,EvaGaussians: Event Stream Assisted Gaussian Splatting from Blurry Images,Wangbo Yu; Chaoran Feng; Jianing Li; Jiye Tang; Jiashu Yang; Zhenyu Tang; Meng Cao; Xu Jia; Yuchao Yang; Li Yuan; Yonghong Tian,ICCV,2025,B,Event Camera,,https://openaccess.thecvf.com/content/ICCV2025/html/Yu_EvaGaussians_Event_Stream_Assisted_Gaussian_Splatting_from_Blurry_Images_ICCV_2025_paper.html,01-papers-by-conference/ICCV2025/B/2025-ICCV-B-evagaussians-event-stream-assisted-gaussian-splatting-from-blurry-images.md,Official title/abstract confirms event-camera/DVS/event-data evidence; no clear SNN evidence.
ICCV2025-0703,EventUPS: Uncalibrated Photometric Stereo Using an Event Camera,Jinxiu Liang; Bohan Yu; Siqi Yang; Haotian Zhuang; Jieji Ren; Peiqi Duan; Boxin Shi,ICCV,2025,B,Event Camera,,https://openaccess.thecvf.com/content/ICCV2025/html/Liang_EventUPS_Uncalibrated_Photometric_Stereo_Using_an_Event_Camera_ICCV_2025_paper.html,01-papers-by-conference/ICCV2025/B/2025-ICCV-B-eventups-uncalibrated-photometric-stereo-using-an-event-camera.md,Official title/abstract confirms event-camera/DVS/event-data evidence; no clear SNN evidence.
ICCV2025-0099,From Sharp to Blur: Unsupervised Domain Adaptation for 2D Human Pose Estimation Under Extreme Motion Blur Using Event Cameras,Youngho Kim; Hoonhee Cho; Kuk-Jin Yoon,ICCV,2025,B,Event Camera,,https://openaccess.thecvf.com/content/ICCV2025/html/Kim_From_Sharp_to_Blur_Unsupervised_Domain_Adaptation_for_2D_Human_ICCV_2025_paper.html,01-papers-by-conference/ICCV2025/B/2025-ICCV-B-from-sharp-to-blur-unsupervised-domain-adaptation-for-2d-human-pose-estimation-under-extreme-motion-.md,Official title/abstract confirms event-camera/DVS/event-data evidence; no clear SNN evidence.
ICCV2025-1060,PRE-Mamba: A 4D State Space Model for Ultra-High-Frequent Event Camera Deraining,Ciyu Ruan; Ruishan Guo; Zihang Gong; Jingao Xu; Wenhan Yang; Xinlei Chen,ICCV,2025,B,Event Camera,,https://openaccess.thecvf.com/content/ICCV2025/html/Ruan_PRE-Mamba_A_4D_State_Space_Model_for_Ultra-High-Frequent_Event_Camera_ICCV_2025_paper.html,01-papers-by-conference/ICCV2025/B/2025-ICCV-B-pre-mamba-a-4d-state-space-model-for-ultra-high-frequent-event-camera-deraining.md,Official title/abstract confirms event-camera/DVS/event-data evidence; no clear SNN evidence.
ICCV2025-0339,Simultaneous Motion And Noise Estimation with Event Cameras,Shintaro Shiba; Yoshimitsu Aoki; Guillermo Gallego,ICCV,2025,B,Event Camera,,https://openaccess.thecvf.com/content/ICCV2025/html/Shiba_Simultaneous_Motion_And_Noise_Estimation_with_Event_Cameras_ICCV_2025_paper.html,01-papers-by-conference/ICCV2025/B/2025-ICCV-B-simultaneous-motion-and-noise-estimation-with-event-cameras.md,Official title/abstract confirms event-camera/DVS/event-data evidence; no clear SNN evidence.
ICCV2025-1879,TESPEC: Temporally-Enhanced Self-Supervised Pretraining for Event Cameras,Mohammad Mohammadi; Ziyi Wu; Igor Gilitschenski,ICCV,2025,B,Event Camera,,https://openaccess.thecvf.com/content/ICCV2025/html/Mohammadi_TESPEC_Temporally-Enhanced_Self-Supervised_Pretraining_for_Event_Cameras_ICCV_2025_paper.html,01-papers-by-conference/ICCV2025/B/2025-ICCV-B-tespec-temporally-enhanced-self-supervised-pretraining-for-event-cameras.md,Official title/abstract confirms event-camera/DVS/event-data evidence; no clear SNN evidence.
ICCV2025-1528,Unleashing the Temporal Potential of Stereo Event Cameras for Continuous-Time 3D Object Detection,Jae-Young Kang; Hoonhee Cho; Kuk-Jin Yoon,ICCV,2025,B,Event Camera,,https://openaccess.thecvf.com/content/ICCV2025/html/Kang_Unleashing_the_Temporal_Potential_of_Stereo_Event_Cameras_for_Continuous-Time_ICCV_2025_paper.html,01-papers-by-conference/ICCV2025/B/2025-ICCV-B-unleashing-the-temporal-potential-of-stereo-event-cameras-for-continuous-time-3d-object-detection.md,Official title/abstract confirms event-camera/DVS/event-data evidence; no clear SNN evidence.
ICCV2025-1001,Unsupervised Joint Learning of Optical Flow and Intensity with Event Cameras,Shuang Guo; Friedhelm Hamann; Guillermo Gallego,ICCV,2025,B,Event Camera,,https://openaccess.thecvf.com/content/ICCV2025/html/Guo_Unsupervised_Joint_Learning_of_Optical_Flow_and_Intensity_with_Event_ICCV_2025_paper.html,01-papers-by-conference/ICCV2025/B/2025-ICCV-B-unsupervised-joint-learning-of-optical-flow-and-intensity-with-event-cameras.md,Official title/abstract confirms event-camera/DVS/event-data evidence; no clear SNN evidence.
ICCV2025-2608,SpikePack: Enhanced Information Flow in Spiking Neural Networks with High Hardware Compatibility,Guobin Shen; Jindong Li; Tenglong Li; Dongcheng Zhao; Yi Zeng,ICCV,2025,C,SNN,,https://openaccess.thecvf.com/content/ICCV2025/html/Shen_SpikePack_Enhanced_Information_Flow_in_Spiking_Neural_Networks_with_High_ICCV_2025_paper.html,01-papers-by-conference/ICCV2025/C/2025-ICCV-C-spikepack-enhanced-information-flow-in-spiking-neural-networks-with-high-hardware-compatibility.md,SNN information-flow paper; no clear event-camera/DVS evidence in title-level record.
CVPR2026-3630,SDTrack: A Baseline for Event-based Tracking via Spiking Neural Networks,Yimeng Shan; Zhenbang Ren; Haodi Wu; Wenjie Wei; Rui-Jie Zhu; Shuai Wang; Dehao Zhang; Yichen Xiao; Jieyuan Zhang; Kexin Shi; Jingzhinan Wang; Jason K. Eshraghian; Haicheng Qu; Malu Zhang,CVPR,2026,A,SNN + Event Camera,https://openaccess.thecvf.com/content/CVPR2026/papers/Shan_SDTrack_A_Baseline_for_Event-based_Tracking_via_Spiking_Neural_Networks_CVPR_2026_paper.pdf,https://openaccess.thecvf.com/content/CVPR2026/html/Shan_SDTrack_A_Baseline_for_Event-based_Tracking_via_Spiking_Neural_Networks_CVPR_2026_paper.html,01-papers-by-conference/CVPR2026/A/2026-CVPR-A-sdtrack-a-baseline-for-event-based-tracking-via-spiking-neural-networks.md,Official title/abstract confirms both SNN/spiking evidence and event-camera/DVS/event-data evidence.
CVPR2026-1798,SpikeTrack: High-performance and Energy-efficient Event-Based Object Tracking with Spiking Neural Network,Yang Wang; Jiqing Zhang; Chuanyu Sun; Qianhui Liu; Huilin Ge; Ziqi Wei; Xin Yang,CVPR,2026,A,SNN + Event Camera,https://openaccess.thecvf.com/content/CVPR2026/papers/Wang_SpikeTrack_High-performance_and_Energy-efficient_Event-Based_Object_Tracking_with_Spiking_Neural_CVPR_2026_paper.pdf,https://openaccess.thecvf.com/content/CVPR2026/html/Wang_SpikeTrack_High-performance_and_Energy-efficient_Event-Based_Object_Tracking_with_Spiking_Neural_CVPR_2026_paper.html,01-papers-by-conference/CVPR2026/A/2026-CVPR-A-spiketrack-high-performance-and-energy-efficient-event-based-object-tracking-with-spiking-neural-net.md,Official title/abstract confirms both SNN/spiking evidence and event-camera/DVS/event-data evidence.
CVPR2026-1573,Adaptive Spatial-Temporal Window: Unlocking the Potential of Event Cameras in Heterogeneous Velocity Scenarios,Zhipeng Sui; Haiqing Hao; Weihua He; Seng-Hong Lee; Wenhui Wang,CVPR,2026,B,Event Camera,https://openaccess.thecvf.com/content/CVPR2026/papers/Sui_Adaptive_Spatial-Temporal_Window_Unlocking_the_Potential_of_Event_Cameras_in_CVPR_2026_paper.pdf,https://openaccess.thecvf.com/content/CVPR2026/html/Sui_Adaptive_Spatial-Temporal_Window_Unlocking_the_Potential_of_Event_Cameras_in_CVPR_2026_paper.html,01-papers-by-conference/CVPR2026/B/2026-CVPR-B-adaptive-spatial-temporal-window-unlocking-the-potential-of-event-cameras-in-heterogeneous-velocity-.md,Official title/abstract confirms event-camera/DVS/event-data evidence; no clear SNN evidence.
CVPR2026-1217,Bidirectional Cross-Modal Prompting for Event-Frame Asymmetric Stereo,Ninghui Xu; Fabio Tosi; Lihui Wang; Jiawei Han; Luca Bartolomei; Zhiting Yao; Matteo Poggi; Stefano Mattoccia,CVPR,2026,B,Event Camera,https://openaccess.thecvf.com/content/CVPR2026/papers/Xu_Bidirectional_Cross-Modal_Prompting_for_Event-Frame_Asymmetric_Stereo_CVPR_2026_paper.pdf,https://openaccess.thecvf.com/content/CVPR2026/html/Xu_Bidirectional_Cross-Modal_Prompting_for_Event-Frame_Asymmetric_Stereo_CVPR_2026_paper.html,01-papers-by-conference/CVPR2026/B/2026-CVPR-B-bidirectional-cross-modal-prompting-for-event-frame-asymmetric-stereo.md,Official title/abstract confirms event-camera/DVS/event-data evidence; no clear SNN evidence.
CVPR2026-3561,DarkShake-DVS: Event-based Human Action Recognition under Low-light and Shaking Camera Conditions,Jiaqi Chen; Qinfu Xu; Liyuan Pan,CVPR,2026,B,Event Camera,https://openaccess.thecvf.com/content/CVPR2026/papers/Chen_DarkShake-DVS_Event-based_Human_Action_Recognition_under_Low-light_and_Shaking_Camera_CVPR_2026_paper.pdf,https://openaccess.thecvf.com/content/CVPR2026/html/Chen_DarkShake-DVS_Event-based_Human_Action_Recognition_under_Low-light_and_Shaking_Camera_CVPR_2026_paper.html,01-papers-by-conference/CVPR2026/B/2026-CVPR-B-darkshake-dvs-event-based-human-action-recognition-under-low-light-and-shaking-camera-conditions.md,Official title/abstract confirms event-camera/DVS/event-data evidence; no clear SNN evidence.
CVPR2026-0881,Event Stream Filtering via Probability Flux Estimation,Jinze Chen; Wei Zhai; Yang Cao; Bin Li; Zheng-Jun Zha,CVPR,2026,B,Event Camera,https://openaccess.thecvf.com/content/CVPR2026/papers/Chen_Event_Stream_Filtering_via_Probability_Flux_Estimation_CVPR_2026_paper.pdf,https://openaccess.thecvf.com/content/CVPR2026/html/Chen_Event_Stream_Filtering_via_Probability_Flux_Estimation_CVPR_2026_paper.html,01-papers-by-conference/CVPR2026/B/2026-CVPR-B-event-stream-filtering-via-probability-flux-estimation.md,Official title/abstract confirms event-camera/DVS/event-data evidence; no clear SNN evidence.
CVPR2026-0298,Event Structural Valley: A Unified Theoretical and Practical Framework for Event Camera Autofocus,Xijie Xiang; Lin Zhu; Wei Zhang; Yonghong Tian,CVPR,2026,B,Event Camera,https://openaccess.thecvf.com/content/CVPR2026/papers/Xiang_Event_Structural_Valley_A_Unified_Theoretical_and_Practical_Framework_for_CVPR_2026_paper.pdf,https://openaccess.thecvf.com/content/CVPR2026/html/Xiang_Event_Structural_Valley_A_Unified_Theoretical_and_Practical_Framework_for_CVPR_2026_paper.html,01-papers-by-conference/CVPR2026/B/2026-CVPR-B-event-structural-valley-a-unified-theoretical-and-practical-framework-for-event-camera-autofocus.md,Official title/abstract confirms event-camera/DVS/event-data evidence; no clear SNN evidence.
CVPR2026-3694,EventDrive: Event Cameras for Vision-Language Driving Intelligence,Dongyue Lu; Rong Li; Ao Liang; Lingdong Kong; Wei Yin; Lai Xing Ng; Benoit R. Cottereau; Camille Simon Chane; Wei Tsang Ooi,CVPR,2026,B,Event Camera,https://openaccess.thecvf.com/content/CVPR2026/papers/Lu_EventDrive_Event_Cameras_for_Vision-Language_Driving_Intelligence_CVPR_2026_paper.pdf,https://openaccess.thecvf.com/content/CVPR2026/html/Lu_EventDrive_Event_Cameras_for_Vision-Language_Driving_Intelligence_CVPR_2026_paper.html,01-papers-by-conference/CVPR2026/B/2026-CVPR-B-eventdrive-event-cameras-for-vision-language-driving-intelligence.md,Official title/abstract confirms event-camera/DVS/event-data evidence; no clear SNN evidence.
CVPR2026-2918,EventGait: Towards Robust Gait Recognition with Event Streams,Senyan Xu; Shuai Chen; Chuanfu Shen; Kean Liu; Zhijing Sun; Chengzhi Cao; Xueyang Fu,CVPR,2026,B,Event Camera,https://openaccess.thecvf.com/content/CVPR2026/papers/Xu_EventGait_Towards_Robust_Gait_Recognition_with_Event_Streams_CVPR_2026_paper.pdf,https://openaccess.thecvf.com/content/CVPR2026/html/Xu_EventGait_Towards_Robust_Gait_Recognition_with_Event_Streams_CVPR_2026_paper.html,01-papers-by-conference/CVPR2026/B/2026-CVPR-B-eventgait-towards-robust-gait-recognition-with-event-streams.md,Official title/abstract confirms event-camera/DVS/event-data evidence; no clear SNN evidence.
CVPR2026-2301,FastEventDGS: Deformable Gaussian Splatting for Fast Dynamic Scenes from a Single Event Camera,Zijia Dai; Nico Messikommer; Rong Zou; Nikola Zubic; Davide Scaramuzza; Laurent Kneip,CVPR,2026,B,Event Camera,https://openaccess.thecvf.com/content/CVPR2026/papers/Dai_FastEventDGS_Deformable_Gaussian_Splatting_for_Fast_Dynamic_Scenes_from_a_CVPR_2026_paper.pdf,https://openaccess.thecvf.com/content/CVPR2026/html/Dai_FastEventDGS_Deformable_Gaussian_Splatting_for_Fast_Dynamic_Scenes_from_a_CVPR_2026_paper.html,01-papers-by-conference/CVPR2026/B/2026-CVPR-B-fasteventdgs-deformable-gaussian-splatting-for-fast-dynamic-scenes-from-a-single-event-camera.md,Official title/abstract confirms event-camera/DVS/event-data evidence; no clear SNN evidence.
CVPR2026-3325,FlashCap: Millisecond-Accurate Human Motion Capture via Flashing LEDs and Event-Based Vision,Zekai Wu; Shuqi Fan; Mengyin Liu; Yuhua Luo; Xincheng Lin; Ming Yan; Junhao Wu; Xiuhong Lin; Yuexin Ma; Chenglu Wen; Lan Xu; Siqi Shen; Cheng Wang,CVPR,2026,B,Event Camera,https://openaccess.thecvf.com/content/CVPR2026/papers/Wu_FlashCap_Millisecond-Accurate_Human_Motion_Capture_via_Flashing_LEDs_and_Event-Based_CVPR_2026_paper.pdf,https://openaccess.thecvf.com/content/CVPR2026/html/Wu_FlashCap_Millisecond-Accurate_Human_Motion_Capture_via_Flashing_LEDs_and_Event-Based_CVPR_2026_paper.html,01-papers-by-conference/CVPR2026/B/2026-CVPR-B-flashcap-millisecond-accurate-human-motion-capture-via-flashing-leds-and-event-based-vision.md,Official title/abstract confirms event-camera/DVS/event-data evidence; no clear SNN evidence.
CVPR2026-2562,From Corners to Fiducial Tags: Revisiting Checkerboard Calibration for Event Cameras,Taehun Ryu; Changwoo Kang; Kyungdon Joo,CVPR,2026,B,Event Camera,https://openaccess.thecvf.com/content/CVPR2026/papers/Ryu_From_Corners_to_Fiducial_Tags_Revisiting_Checkerboard_Calibration_for_Event_CVPR_2026_paper.pdf,https://openaccess.thecvf.com/content/CVPR2026/html/Ryu_From_Corners_to_Fiducial_Tags_Revisiting_Checkerboard_Calibration_for_Event_CVPR_2026_paper.html,01-papers-by-conference/CVPR2026/B/2026-CVPR-B-from-corners-to-fiducial-tags-revisiting-checkerboard-calibration-for-event-cameras.md,Official title/abstract confirms event-camera/DVS/event-data evidence; no clear SNN evidence.
CVPR2026-1228,Scaling Dense Event-Stream Pretraining from Visual Foundation Models,Zhiwen Chen; Junhui Hou; Zhiyu Zhu; Jinjian Wu; Guangming Shi,CVPR,2026,B,Event Camera,https://openaccess.thecvf.com/content/CVPR2026/papers/Chen_Scaling_Dense_Event-Stream_Pretraining_from_Visual_Foundation_Models_CVPR_2026_paper.pdf,https://openaccess.thecvf.com/content/CVPR2026/html/Chen_Scaling_Dense_Event-Stream_Pretraining_from_Visual_Foundation_Models_CVPR_2026_paper.html,01-papers-by-conference/CVPR2026/B/2026-CVPR-B-scaling-dense-event-stream-pretraining-from-visual-foundation-models.md,Official title/abstract confirms event-camera/DVS/event-data evidence; no clear SNN evidence.
CVPR2026-2308,TTAPFormer: Robust Arbitrary Point Tracking via Transient Asynchronous Fusion of Frames and Events,Jiaxiong Liu; Zhen Tan; Jinpu Zhang; Yi Zhou; Hui Shen; Xieyuanli Chen; Dewen Hu,CVPR,2026,B,Event Camera,https://openaccess.thecvf.com/content/CVPR2026/papers/Liu_TTAPFormer_Robust_Arbitrary_Point_Tracking_via_Transient_Asynchronous_Fusion_of_CVPR_2026_paper.pdf,https://openaccess.thecvf.com/content/CVPR2026/html/Liu_TTAPFormer_Robust_Arbitrary_Point_Tracking_via_Transient_Asynchronous_Fusion_of_CVPR_2026_paper.html,01-papers-by-conference/CVPR2026/B/2026-CVPR-B-ttapformer-robust-arbitrary-point-tracking-via-transient-asynchronous-fusion-of-frames-and-events.md,Official title/abstract confirms event-camera/DVS/event-data evidence; no clear SNN evidence.
CVPR2026-2758,Texvent: Asynchronous Event Data Simulation via Text Prompt,Ruofei Wang; Peiqi Duan; Ka Chun Cheung; Simon See; Boxin Shi; Renjie Wan,CVPR,2026,B,Event Camera,https://openaccess.thecvf.com/content/CVPR2026/papers/Wang_Texvent_Asynchronous_Event_Data_Simulation_via_Text_Prompt_CVPR_2026_paper.pdf,https://openaccess.thecvf.com/content/CVPR2026/html/Wang_Texvent_Asynchronous_Event_Data_Simulation_via_Text_Prompt_CVPR_2026_paper.html,01-papers-by-conference/CVPR2026/B/2026-CVPR-B-texvent-asynchronous-event-data-simulation-via-text-prompt.md,Official title/abstract confirms event-camera/DVS/event-data evidence; no clear SNN evidence.
CVPR2026-2511,Unsupervised 3d Motion Estimation Using Event Camera,Han Han; Wei Zhai; Tiesong Zhao; Bin Li; Yang Cao; Zheng-jun Zha,CVPR,2026,B,Event Camera,https://openaccess.thecvf.com/content/CVPR2026/papers/Han_Unsupervised_3d_Motion_Estimation_Using_Event_Camera_CVPR_2026_paper.pdf,https://openaccess.thecvf.com/content/CVPR2026/html/Han_Unsupervised_3d_Motion_Estimation_Using_Event_Camera_CVPR_2026_paper.html,01-papers-by-conference/CVPR2026/B/2026-CVPR-B-unsupervised-3d-motion-estimation-using-event-camera.md,Official title/abstract confirms event-camera/DVS/event-data evidence; no clear SNN evidence.
CVPR2026-3584,eRetinexGS: Retinex Modeling for Low-Light Scene Enhancement via Event Streams and 3D Gaussian Splatting,Haojie Yan; Zehao Chen; Yan Liu; Shi Gu; Peng Lin; De Ma; Huajin Tang; Qian Zheng; Gang Pan,CVPR,2026,B,Event Camera,https://openaccess.thecvf.com/content/CVPR2026/papers/Yan_eRetinexGS_Retinex_Modeling_for_Low-Light_Scene_Enhancement_via_Event_Streams_CVPR_2026_paper.pdf,https://openaccess.thecvf.com/content/CVPR2026/html/Yan_eRetinexGS_Retinex_Modeling_for_Low-Light_Scene_Enhancement_via_Event_Streams_CVPR_2026_paper.html,01-papers-by-conference/CVPR2026/B/2026-CVPR-B-eretinexgs-retinex-modeling-for-low-light-scene-enhancement-via-event-streams-and-3d-gaussian-splatt.md,Official title/abstract confirms event-camera/DVS/event-data evidence; no clear SNN evidence.
CVPR2026-3868,Dynamic-Static Decomposition for Novel View Synthesis of Dynamic Scenes with Spiking Neurons,Lingyun Dai; Zehao Chen; Yan Liu; Shi Gu; Peng Lin; De Ma; Huajin Tang; Qian Zheng; Gang Pan,CVPR,2026,C,SNN,https://openaccess.thecvf.com/content/CVPR2026/papers/Dai_Dynamic-Static_Decomposition_for_Novel_View_Synthesis_of_Dynamic_Scenes_with_CVPR_2026_paper.pdf,https://openaccess.thecvf.com/content/CVPR2026/html/Dai_Dynamic-Static_Decomposition_for_Novel_View_Synthesis_of_Dynamic_Scenes_with_CVPR_2026_paper.html,01-papers-by-conference/CVPR2026/C/2026-CVPR-C-dynamic-static-decomposition-for-novel-view-synthesis-of-dynamic-scenes-with-spiking-neurons.md,Official title/abstract confirms SNN/spiking evidence; no clear event-camera/DVS evidence.
CVPR2026-0111,On the Role of Temporal Granularity in the Robustness of Spiking Neural Networks,Mengting Xu; Shi Gu; Peng Lin; De Ma; Huajin Tang; Qian Zheng; Gang Pan,CVPR,2026,C,SNN,https://openaccess.thecvf.com/content/CVPR2026/papers/Xu_On_the_Role_of_Temporal_Granularity_in_the_Robustness_of_CVPR_2026_paper.pdf,https://openaccess.thecvf.com/content/CVPR2026/html/Xu_On_the_Role_of_Temporal_Granularity_in_the_Robustness_of_CVPR_2026_paper.html,01-papers-by-conference/CVPR2026/C/2026-CVPR-C-on-the-role-of-temporal-granularity-in-the-robustness-of-spiking-neural-networks.md,Official title/abstract confirms SNN/spiking evidence; no clear event-camera/DVS evidence.
CVPR2026-3426,Reconstructing Spiking Neural Networks Using a Single Neuron with Autapses,Wuque Cai; Hongze Sun; Quan Tang; Shifeng Mao; Zhenxing Wang; Jiayi He; Duo Chen; Dezhong Yao; Daqing Guo,CVPR,2026,C,SNN,https://openaccess.thecvf.com/content/CVPR2026/papers/Cai_Reconstructing_Spiking_Neural_Networks_Using_a_Single_Neuron_with_Autapses_CVPR_2026_paper.pdf,https://openaccess.thecvf.com/content/CVPR2026/html/Cai_Reconstructing_Spiking_Neural_Networks_Using_a_Single_Neuron_with_Autapses_CVPR_2026_paper.html,01-papers-by-conference/CVPR2026/C/2026-CVPR-C-reconstructing-spiking-neural-networks-using-a-single-neuron-with-autapses.md,"SNN architecture paper; abstract mentions event-based benchmarks but does not clearly confirm event-camera/DVS data, so it remains C under the strict rule."
CVPR2026-2929,Rethinking SNN Online Training and Deployment: Gradient-Coherent Learning via Hybrid-Driven LIF Model,Zecheng Hao; Yifan Huang; Zijie Xu; Wenxuan Liu; Yuanhong Tang; Zhaofei Yu; Tiejun Huang,CVPR,2026,C,SNN,https://openaccess.thecvf.com/content/CVPR2026/papers/Hao_Rethinking_SNN_Online_Training_and_Deployment_Gradient-Coherent_Learning_via_Hybrid-Driven_CVPR_2026_paper.pdf,https://openaccess.thecvf.com/content/CVPR2026/html/Hao_Rethinking_SNN_Online_Training_and_Deployment_Gradient-Coherent_Learning_via_Hybrid-Driven_CVPR_2026_paper.html,01-papers-by-conference/CVPR2026/C/2026-CVPR-C-rethinking-snn-online-training-and-deployment-gradient-coherent-learning-via-hybrid-driven-lif-model.md,Official title/abstract confirms SNN/spiking evidence; no clear event-camera/DVS evidence.
CVPR2026-0897,Robust Spiking Neural Networks by Temporal Mutual Information,Mengting Xu; Shi Gu; Peng Lin; De Ma; Huajin Tang; Qian Zheng; Gang Pan,CVPR,2026,C,SNN,https://openaccess.thecvf.com/content/CVPR2026/papers/Xu_Robust_Spiking_Neural_Networks_by_Temporal_Mutual_Information_CVPR_2026_paper.pdf,https://openaccess.thecvf.com/content/CVPR2026/html/Xu_Robust_Spiking_Neural_Networks_by_Temporal_Mutual_Information_CVPR_2026_paper.html,01-papers-by-conference/CVPR2026/C/2026-CVPR-C-robust-spiking-neural-networks-by-temporal-mutual-information.md,SNN robustness paper; official abstract does not clearly involve event-camera/DVS data.
CVPR2026-2519,Stable Spike: Dual Consistency Optimization via Bitwise AND Operations for Spiking Neural Networks,Yongqi Ding; Kunshan Yang; Linze Li; Yiyang Zhang; Mengmeng Jing; Lin Zuo,CVPR,2026,C,SNN,https://openaccess.thecvf.com/content/CVPR2026/papers/Ding_Stable_Spike_Dual_Consistency_Optimization_via_Bitwise_AND_Operations_for_CVPR_2026_paper.pdf,https://openaccess.thecvf.com/content/CVPR2026/html/Ding_Stable_Spike_Dual_Consistency_Optimization_via_Bitwise_AND_Operations_for_CVPR_2026_paper.html,01-papers-by-conference/CVPR2026/C/2026-CVPR-C-stable-spike-dual-consistency-optimization-via-bitwise-and-operations-for-spiking-neural-networks.md,Official title/abstract confirms SNN/spiking evidence; no clear event-camera/DVS evidence.
CVPR2026-0399,Temporal Interaction in Spiking Transformers with Multi-Delay Mixer,Kexin Shi; Hanwen Liu; Zeyang Song; Yang Liu; Jieyuan Zhang; Shuai Wang; Jibin Wu; Malu Zhang; Yang Yang,CVPR,2026,C,SNN,https://openaccess.thecvf.com/content/CVPR2026/papers/Shi_Temporal_Interaction_in_Spiking_Transformers_with_Multi-Delay_Mixer_CVPR_2026_paper.pdf,https://openaccess.thecvf.com/content/CVPR2026/html/Shi_Temporal_Interaction_in_Spiking_Transformers_with_Multi-Delay_Mixer_CVPR_2026_paper.html,01-papers-by-conference/CVPR2026/C/2026-CVPR-C-temporal-interaction-in-spiking-transformers-with-multi-delay-mixer.md,Official title/abstract confirms SNN/spiking evidence; no clear event-camera/DVS evidence.
CVPR2026-1160,Towards Reliable Evaluation of Adversarial Robustness for Spiking Neural Networks,Jihang Wang; Dongcheng Zhao; Ruolin Chen; Qian Zhang; Yi Zeng,CVPR,2026,C,SNN,https://openaccess.thecvf.com/content/CVPR2026/papers/Wang_Towards_Reliable_Evaluation_of_Adversarial_Robustness_for_Spiking_Neural_Networks_CVPR_2026_paper.pdf,https://openaccess.thecvf.com/content/CVPR2026/html/Wang_Towards_Reliable_Evaluation_of_Adversarial_Robustness_for_Spiking_Neural_Networks_CVPR_2026_paper.html,01-papers-by-conference/CVPR2026/C/2026-CVPR-C-towards-reliable-evaluation-of-adversarial-robustness-for-spiking-neural-networks.md,Official title/abstract confirms SNN/spiking evidence; no clear event-camera/DVS evidence.
